new_date,cycle2_price,cycle3_price,cycle4_price,cycle5_price
2024-04-20,64926.64453125,64926.64453125,64926.64453125,
2024-04-21,62635.85426987675,71774.83743575575,65089.23687902057,64926.64453125
2024-04-22,66087.7300061926,67811.02097187238,68107.76306054223,66837.6796875
2024-04-23,67750.9064973266,69809.65788280423,68544.034914147,66407.2734375
2024-04-24,66087.7300061926,69457.47516722152,67396.82411991322,64276.8984375
2024-04-25,71610.73118429797,70896.14156037687,66354.3975770398,64481.70703125
2024-04-26,73022.86216733626,66254.37336899679,59714.88923644592,63755.3203125
2024-04-27,72865.95872477646,66803.77840530583,51146.386363837984,63419.140625
2024-04-28,77886.86888669043,63162.209126180634,56640.78173393614,63113.23046875
2024-04-29,79110.71573865696,67999.4387247091,54861.44349416844,63841.12109375
2024-04-30,84476.81347420251,65273.54450609896,54104.24549575915,60636.85546875
2024-05-01,82625.35285199675,67178.85299740141,52668.41567131966,58254.01171875
2024-05-02,74121.18626525496,65319.32825912471,53521.352432227715,59123.43359375
2024-05-03,73430.81111799179,67080.24183703825,54379.37806691117,62889.8359375
2024-05-04,72740.43597072863,68214.27018121455,53686.3791361801,63891.47265625
2024-05-05,68566.80439863764,66564.29415870957,53744.60239410971,64031.1328125
2024-05-06,70700.69121745108,66962.26062731801,53777.645476856494,63161.94921875
2024-05-07,74968.46485507794,66657.62257833898,53821.99227551723,62334.81640625
2024-05-08,71359.68567620227,70508.74057323587,52470.23894907763,61187.94140625
2024-05-09,71108.64016810658,70188.25430205562,50845.268455768615,63049.9609375
2024-05-10,67939.19062839838,69925.87817894651,52141.53167094783,60792.77734375
2024-05-11,69978.93538167592,70049.14212940045,53497.222741495454,60793.7109375
2024-05-12,71453.82774173815,63458.04260727009,53477.118859435934,61448.39453125
2024-05-13,70198.60020125967,63683.439545243025,53211.019196493384,62901.44921875
2024-05-14,69131.65679185296,63343.583224705704,53025.63699743943,61552.7890625
2024-05-15,68943.37266078118,61459.405696338225,52962.33744638653,66267.4921875
2024-05-16,68660.94646417352,64063.796878072346,52230.269300551656,65231.58203125
2024-05-17,69602.36711953238,62887.5066080261,52963.482285727856,67051.875
2024-05-18,74121.18626525496,63181.579175537656,55293.89082953414,66940.8046875
2024-05-19,81150.46049193453,63857.769989456465,54645.144342573025,66278.3671875
2024-05-20,73211.14629840807,63491.49996525045,55036.54101012878,71448.1953125
2024-05-21,73995.66351120712,64762.879568504024,54455.45956050007,70136.53125
2024-05-22,76317.83446109234,62376.84167043119,55171.248342514526,69122.3359375
2024-05-23,73807.37938013535,62278.23051006803,54669.92193688858,67929.5625
2024-05-24,75909.88551043684,63042.467002882506,55039.25843098288,68526.1015625
2024-05-25,76725.78341174786,62714.93707739059,54261.868485949344,69265.9453125
2024-05-26,76694.40272323591,62940.33401536352,55502.9372351926,68518.09375
2024-05-27,73964.28282269517,62899.83300307151,55179.83463757438,69394.5546875
2024-05-28,74937.08416656601,62880.46295371446,55165.57446841639,68296.21875
2024-05-29,74968.46485507798,62611.043176293686,55086.56797321372,67578.09375
2024-05-30,74466.37383888659,60624.73266040722,55415.860251666294,68364.9921875
2024-05-31,74215.32833079087,60131.67685859143,57267.34853124089,67491.4140625
2024-06-01,79550.04537782447,60927.60979580835,57377.91988256832,67706.9375
2024-06-02,79738.32950889623,60526.121500044064,55926.10004930675,67751.6015625
2024-06-03,80930.7956723508,61066.72196846352,53615.66958103897,68804.78125
2024-06-04,85920.32514575281,61675.998066421605,54091.060972355954,70567.765625
2024-06-05,88054.21196456625,60911.76157360713,53971.525906405615,71082.8203125
2024-06-06,85324.0920640255,60976.91537598993,52946.404050498946,70757.1640625
2024-06-07,86359.65478492028,61075.52653635309,54449.23842803549,69342.5859375
2024-06-08,85543.75688360927,59946.78093291052,54163.343109009926,69305.7734375
2024-06-09,86265.51271938438,59830.56063676821,54204.58877692743,69647.9921875
2024-06-10,86139.98996533653,64479.37248245995,54097.055653082716,69512.28125
2024-06-11,91003.99668469069,64474.08974172621,54260.67332399964,67332.03125
2024-06-12,91443.32632385816,64784.010531438995,54242.09170084449,68241.1875
2024-06-13,92761.31524136059,63952.85932266381,54492.717161701155,66756.3984375
2024-06-14,92227.84353665721,63956.38114981963,53840.11470487067,66011.09375
2024-06-15,90125.33740635574,63595.39386634736,53309.991186582476,66191.0
2024-06-16,88368.01884968586,63262.581200121705,53599.10715254624,66639.046875
2024-06-17,89403.58157058059,63475.65174304923,53471.06756577472,66490.296875
2024-06-18,91129.51943873851,63688.72228597678,53293.64262917549,65140.74609375
2024-06-19,89560.4850131404,64523.39532190778,53543.51325090601,64960.296875
2024-06-20,80303.18190211152,68605.19299551136,53747.67207322271,64828.65625
2024-06-21,81872.21632770963,68927.44018026954,53719.931735337064,64096.19921875
2024-06-22,82154.64252431731,69950.5309690373,54310.53673860724,64252.578125
2024-06-23,81495.6480655661,69320.12390814425,54225.18330441894,63180.796875
2024-06-24,84288.52934313075,69823.74519142752,54596.306251111775,60277.4140625
2024-06-25,83315.72799925992,72556.6830643493,54606.320450185245,61804.640625
2024-06-26,77416.158559011,66125.82667780908,55044.54230486587,60811.27734375
2024-06-27,77322.01649347511,67508.14383647121,55384.031201847385,61604.80078125
2024-06-28,77824.10750966652,67096.09005923945,56188.35003270597,60320.13671875
2024-06-29,77573.06200157081,67171.80934308973,57761.96944929628,60887.37890625
2024-06-30,79079.335050145,67207.027614648,60772.280464995114,62678.29296875
2024-07-01,75972.64688746072,67300.35603427743,64121.70924843845,62851.98046875
2024-07-02,77447.53924752297,67321.48699721239,67557.25259552225,62029.015625
2024-07-03,76600.26065769998,67082.00275061614,67249.68081292437,60173.921875
2024-07-04,77259.25511645118,65433.78764168908,68179.91310034916,56977.703125
2024-07-05,79267.61918121677,67921.9585272809,68153.7830859326,56662.375
2024-07-06,79863.85226294404,68024.09151479989,66631.25998785593,58303.5390625
2024-07-07,79361.76124675265,68237.16205772742,67913.11521121494,55849.109375
2024-07-08,81464.26737705413,68075.15800855937,73033.1701328451,56705.09765625
2024-07-09,80020.75570550386,69455.71425364359,73358.68821566699,58009.2265625
2024-07-10,79393.14193526462,68943.28840247075,73174.43827530224,57742.49609375
2024-07-11,76757.16410025979,68152.63820598756,73863.70704268495,57344.9140625
2024-07-12,76349.21514960428,68429.10163771997,72904.073771297,57899.46484375
2024-07-13,73650.47593757552,68061.07069993606,74454.46301378036,59231.953125
2024-07-14,74215.32833079084,68305.83768726603,74180.44383033941,60787.79296875
2024-07-15,74027.04419971908,69103.53153806085,74328.43633134523,64870.15234375
2024-07-16,70167.2195127477,70549.24158552787,74175.00898863122,65097.1484375
2024-07-17,68409.90095607782,70110.77410462739,76569.48450326866,64118.79296875
2024-07-18,69978.93538167594,70263.97358590587,73560.02268158672,63974.06640625
2024-07-19,71547.96980727406,70735.89842478668,74523.46160023563,66710.15625
2024-07-20,69853.41262762809,71162.03951064174,76405.88570332988,67163.6484375
2024-07-21,70104.45813572378,70123.10049967276,75594.6097718587,68154.5234375
2024-07-22,69978.93538167592,70267.49541306167,75521.98795759797,67585.25
2024-07-23,70355.50364381947,70480.56595598921,75143.6437165984,65927.671875
2024-07-24,73336.6690524559,70343.21469691195,73932.09546751328,65372.1328125
2024-07-25,73368.04974096786,69327.16756245584,73302.27657164013,65777.2265625
2024-07-26,73870.14075715926,69429.30054997483,74926.06762881458,67912.0625
2024-07-27,72520.77115114487,71170.8440785313,73879.70334183311,67813.3359375
2024-07-28,70951.73672554675,70887.33699248722,70271.42135105819,68255.8671875
2024-07-29,68629.56577566154,72236.19679316897,69730.81814956876,66819.9140625
2024-07-30,71861.77669239364,72405.24449664868,70438.36660445618,66201.015625
2024-07-31,70857.59466001086,72237.9577067469,70172.10968336236,64619.25
2024-08-01,70732.07190596302,72991.6287180939,70236.19552517166,65357.5
2024-08-02,73995.66351120711,85568.07349155235,71565.36658108757,61415.06640625
2024-08-03,73179.76560989609,87494.51294578976,78286.97625730128,60680.09375
2024-08-04,73838.7600686473,86327.02724363307,76082.87117027638,58116.9765625
2024-08-05,75313.65242870954,88225.29208062387,79117.12945725203,53991.45703125
2024-08-06,74999.84554358991,88859.22096867274,79360.85443043055,56034.31640625
2024-08-07,73995.66351120712,91102.6248669346,78350.74758280802,55027.4609375
2024-08-08,72175.5835775133,92363.43898872066,79965.92089329236,61710.13671875
2024-08-09,74591.8965929344,90834.96600309171,78700.86713081601,60880.11328125
2024-08-10,76474.73790365213,93465.77088849453,77903.7255619818,60945.8125
2024-08-11,75752.98206787702,88443.64536428514,77126.41739118691,58719.484375
2024-08-12,75313.65242870954,89000.09405490581,74712.97654350521,59354.515625
2024-08-13,75878.50482192486,88957.83212903589,74639.70053533517,60609.56640625
2024-08-14,75815.74344490093,90419.39039870411,75882.34815641727,58737.26953125
2024-08-15,74183.94764227889,88614.45398134274,75758.8627657068,57560.09765625
2024-08-16,74340.85108483868,91231.17155812225,74549.45322747908,58894.10546875
2024-08-17,74434.99315037456,91713.66187847056,76157.19137257093,59478.97265625
2024-08-18,74121.18626525493,92706.8171364138,75606.19026211891,58483.96484375
2024-08-19,74152.5669537669,92289.48061844829,72022.29586544436,59493.453125
2024-08-20,72991.4814788243,93155.85009878175,71992.24697789796,59012.79296875
2024-08-21,72803.19734775253,92333.50345789613,72256.86841421846,61175.19140625
2024-08-22,73430.81111799176,94150.76627030289,72238.33082334568,60381.9140625
2024-08-23,73870.14075715923,97054.5127602823,71562.03270828046,64094.35546875
2024-08-24,75439.17518275736,95364.03572548532,69946.2681071473,64178.9921875
2024-08-25,74968.46485507792,91727.74918709385,65582.10279610778,64333.54296875
2024-08-26,75627.45931382912,93298.48409859273,65015.986032154804,62880.66015625
2024-08-27,74497.7545273985,92727.94809934874,66449.70859736716,59504.1328125
2024-08-28,74623.27728144635,93368.92064170928,71382.25518973806,59027.625
2024-08-29,74466.37383888655,92183.82580377346,77931.71122258343,59388.1796875
2024-08-30,74466.37383888655,93694.68965362328,79698.36816503199,59119.4765625
2024-08-31,74372.23177335065,94811.10886202045,78506.36395898784,58969.8984375
2024-09-01,73179.76560989609,96741.07014341367,80686.18838745524,57325.48828125
2024-09-02,72112.82220048938,101548.36421111762,88322.79518139783,59112.48046875
2024-09-03,70010.3160701879,102677.10981456019,86847.57533522592,57431.0234375
2024-09-04,70826.2139714989,101690.9982109286,90302.6753060028,57971.5390625
2024-09-05,70794.83328298695,101166.2459647104,89428.46466238968,56160.48828125
2024-09-06,70355.50364381948,103004.63974005211,90744.35684001158,53948.75390625
2024-09-07,70700.69121745107,105484.00605775438,87947.61497440198,54139.6875
2024-09-08,70512.40708637927,109026.9641765164,91253.7222823309,54841.56640625
2024-09-09,70135.83882423573,112451.94108555821,88546.16465947477,57019.53515625
2024-09-10,71736.25393834582,126614.96899271675,88550.74401684002,57648.7109375
2024-09-11,72050.06082346544,122996.29159010443,90159.85345301103,57343.171875
2024-09-12,71799.01531536973,137456.91389193037,87407.99935410256,58127.01171875
2024-09-13,72144.20288900132,140777.9968998753,87821.02216262222,60571.30078125
2024-09-14,72332.4870200731,143771.5499823283,91300.32101771796,60005.12109375
2024-09-15,72960.10079031234,138615.59502619746,90286.20723240083,59182.8359375
2024-09-16,73368.04974096785,129594.43476654643,91719.1435068568,58192.5078125
2024-09-17,74372.23177335064,127888.10950954822,91501.91338700578,60308.5390625
2024-09-18,78388.95990288182,143641.24237756265,90820.01688175501,61649.6796875
2024-09-19,77635.82337859472,140262.0492215466,89502.48921935982,62940.45703125
2024-09-20,77949.63026371434,139645.72946927685,90719.47231015316,63192.9765625
2024-09-21,76600.26065769995,134458.07806874358,90751.33910192836,63394.83984375
2024-09-22,76882.68685430761,138268.69505134845,90320.27563829396,63648.7109375
2024-09-23,76600.26065769995,140346.57307328645,89939.33349263525,63329.80078125
2024-09-24,77667.20406710666,141355.5765534309,90009.98014451591,64301.96875
2024-09-25,76506.11859216406,151970.36360109368,91250.75324843476,63143.14453125
2024-09-26,75501.93655978127,154257.79033880337,95501.78075511797,65181.01953125
2024-09-27,76129.55033002053,153486.51019167723,97376.44888619112,65790.6640625
2024-09-28,76223.69239555643,152280.28439080645,97067.24790914598,65887.6484375
2024-09-29,78671.38609948948,145661.01025142948,97904.66014535977,65635.3046875
2024-09-30,78106.53370627416,150704.26673857385,98183.67384768535,63329.5
2024-10-01,80648.3694757431,150482.39162775676,97645.171615097,60837.0078125
2024-10-02,82876.39836009244,153703.1025617606,97635.05677080672,60632.78515625
2024-10-03,80836.6536068149,143070.7063783187,94832.09377273254,60759.40234375
2024-10-04,79989.37501699191,135335.01303054453,97899.78514267011,62067.4765625
2024-10-05,80146.2784595517,136983.2281394716,92827.67508620195,62089.94921875
2024-10-06,81746.69357366177,137085.3611269906,90970.35567437792,62818.953125
2024-10-07,84759.23967081016,140612.47102355142,87849.29717822223,62236.66015625
2024-10-08,84445.43278569053,139136.82544525986,89590.3462033165,62131.96875
2024-10-09,83535.39281884361,134445.75167369822,88862.10886604678,60582.1015625
2024-10-10,84288.52934313072,140658.25477657715,88649.40149062655,60274.5
2024-10-11,84445.43278569053,138900.86302581945,91168.77771933594,62445.08984375
2024-10-12,88995.63261992506,143216.86220528552,91539.48550450942,63193.0234375
2024-10-13,91631.61045492989,144729.4869687132,94924.66221090153,62851.375
2024-10-14,97405.65714113094,152426.44021777328,94494.62407041347,66046.125
2024-10-15,91129.51943873848,155180.50905363006,94199.05422992121,67041.109375
2024-10-16,90062.57602933179,157821.87942050037,94264.49249183151,67612.71875
2024-10-17,88932.87124290114,164096.01449860627,90473.02362579449,67399.8359375
2024-10-18,86798.98442408771,159901.51835601625,92369.88402717616,68418.7890625
2024-10-19,87740.40507944659,162979.59529020908,93419.07896088065,68362.734375
2024-10-20,85983.08652277669,167586.1452100309,92908.29190487374,69001.703125
2024-10-21,85732.04101468097,179248.67583655223,95119.82586696507,67367.8515625
2024-10-22,87144.17199771928,188799.87108315527,93091.58571567872,67361.40625
2024-10-23,86328.27409640828,191888.51349881556,91643.43943283103,66432.1953125
2024-10-24,86767.60373557574,194517.55747064046,89193.47695209626,68161.0546875
2024-10-25,86453.79685045611,207962.13263801025,89079.15027611628,66642.4140625
2024-10-26,90501.90566849925,230042.227991468,88959.92343614246,67014.6953125
2024-10-27,90596.04773403515,198768.40284772366,86960.00862306451,67929.296875
2024-10-28,91568.849077906,218513.52679686813,86329.40972676102,69907.7578125
2024-10-29,91945.41734004953,209663.17515427468,86262.05920573117,72720.4921875
2024-10-30,92165.08215963327,190506.1963401534,86734.07898228473,72339.5390625
2024-10-31,90501.90566849927,186949.15091276806,87578.06460922197,70215.1875
2024-11-01,90062.5760293318,190810.83438913245,87075.50529968999,69482.46875
2024-11-02,89027.01330843703,209562.8030803336,88241.87013674957,69289.2734375
2024-11-03,88022.83127605425,196572.5436160655,86417.07171061008,68741.1171875
2024-11-04,88305.25747266189,193175.74132427032,86603.61132965745,67811.5078125
2024-11-05,88368.01884968585,198419.74195929675,87374.81788418269,69359.5625
2024-11-06,89215.29743950882,201024.13314103085,86164.62834552462,75639.078125
2024-11-07,88399.39953819779,215757.69704743338,86478.48416384762,75904.859375
2024-11-08,87238.31406325518,220844.97637402557,87684.45289372536,76545.4765625
2024-11-09,87206.93337474321,213257.19976679617,84815.15211711556,76778.8671875
2024-11-10,81150.4604919345,199728.1007476865,85270.51511028562,80474.1875
2024-11-11,82813.63698306849,207120.4159477675,86053.40280028789,88701.484375
2024-11-12,82625.35285199674,200126.0672162949,86533.480484513,87955.8125
2024-11-13,84414.05209717859,179614.94586075813,90453.95135720735,90584.1640625
2024-11-14,84006.10314652308,190986.9257469237,89359.69881799835,87250.4296875
2024-11-15,82656.7335405087,165962.5828911945,89219.48745031783,91066.0078125
2024-11-16,83158.8245567001,171217.14900768848,87664.90885068438,90558.4765625
2024-11-17,81746.6935736618,187561.94883788185,86377.66281789952,89845.8515625
2024-11-18,80679.75016425508,186154.97888912895,87761.30809741853,90542.640625
2024-11-19,80679.75016425508,190648.83033996428,87199.43101322404,92343.7890625
2024-11-20,77416.158559011,188671.32439196738,87340.93818807112,94339.4921875
2024-11-21,70920.3560370348,183355.12630024643,82964.17964427716,98504.7265625
2024-11-22,73650.47593757552,174131.4609791354,87726.50372337743,98997.6640625
2024-11-23,72928.7201018004,172645.24991937634,84851.15794343245,97777.28125
2024-11-24,72018.6801349535,175128.13806423443,85373.60726393822,98013.8203125
2024-11-25,71171.40154513052,173115.41384467925,85283.93866607882,93102.296875
2024-11-26,66338.77551428831,167147.67772913032,83257.7177094549,91985.3203125
2024-11-27,69194.41816887687,171298.15103227246,83544.1225448906,95962.53125
2024-11-28,70606.54915191517,168711.36898631748,83422.80731666778,95652.46875
2024-11-29,69884.79331614004,168707.84715916167,83475.07363582692,97461.5234375
2024-11-30,72677.67459370468,177535.3069252422,80917.71012809452,96449.0546875
2024-12-01,71704.87324983385,182782.82938742454,82372.53673720855,97279.7890625
2024-12-02,71673.4925613219,185249.8693100814,84791.46274920685,95865.3046875
2024-12-03,72018.68013495348,190455.12984639383,85381.52678443665,96002.1640625
2024-12-04,71296.92429917834,192548.856090533,84819.64340991611,98768.53125
2024-12-05,71736.25393834582,208083.63567488614,86477.68529243914,96593.5703125
2024-12-06,70983.11741405872,202168.7269666746,91232.83839984109,99920.7109375
2024-12-07,72269.72564304918,211554.39633695374,96707.32174282431,99923.3359375
2024-12-08,73336.6690524559,214683.53976490605,96336.89702232316,101236.015625
2024-12-09,75282.27174019757,212890.92974259006,98859.26744623293,97432.71875
2024-12-10,75188.12967466166,199238.56677302645,98386.5620241398,96675.4296875
2024-12-11,76317.8344610923,202807.93859545718,98166.16157995899,101173.03125
2024-12-12,74497.75452739849,200642.01489462354,97492.62491803024,100043.0
2024-12-13,74717.41934698222,191814.55512854297,98835.74162680158,101459.2578125
2024-12-14,75282.27174019755,176961.24909884232,96897.17636370068,101372.96875
2024-12-15,73932.90213418315,181433.96958674266,98053.72829212043,104298.6953125
2024-12-16,72238.34495453718,182000.98375883084,98156.46818751415,106029.71875
2024-12-17,72144.2028890013,179931.91030478245,98519.84145251196,106140.6015625
2024-12-18,72018.68013495345,181597.73454948867,98618.68763608,100041.5390625
2024-12-19,71736.25393834579,192127.99774541156,100343.89132985137,97490.953125
2024-12-20,73022.86216733624,189343.99337873026,99123.72533407615,97755.9296875
2024-12-21,72865.95872477643,178583.05050410068,98275.35534988124,97642.5625
2024-12-22,72520.77115114484,177940.31704816222,96327.41750096409,
2024-12-23,72520.77115114484,182936.0288687029,97721.72488313983,
2024-12-24,71014.49810257065,178398.15457841975,97561.57947220316,
2024-12-25,72175.58357751326,178491.48299804918,97170.89361149119,
2024-12-26,72144.2028890013,182638.43447403554,97954.27194692544,
2024-12-27,73368.04974096784,179345.52608333723,98619.27263640278,
2024-12-28,73744.61800311138,171326.325649519,97880.76319669149,
2024-12-29,73524.95318352763,167128.30767977316,101373.24028486444,
2024-12-30,72960.10079031231,168790.61009732352,97695.3243847031,
2024-12-31,74968.46485507791,168949.09231933573,97572.09689736074,
2025-01-01,74278.08970781472,171324.56473594107,97421.77697571598,
2025-01-02,74027.04419971904,182233.4243511154,97089.2640503252,
2025-01-03,74403.61246186258,186873.43162891758,96157.44660073551,
2025-01-04,74278.08970781471,186096.86874105773,96342.18718653225,
2025-01-05,74874.322789542,186073.97686454482,95949.56390539653,
2025-01-06,74780.1807240061,181537.86348783952,96325.50524184454,
2025-01-07,75345.03311722144,184210.9302991123,95884.46532109298,
2025-01-08,77227.87442793917,183184.31768318868,96891.67861873197,
2025-01-09,76255.07308406835,181532.5807471058,93968.54523177627,
2025-01-10,76129.5503300205,177947.36070247384,94131.10612791657,
2025-01-11,76568.87996918797,178952.84235546246,94542.00280623093,
2025-01-12,77008.20960835544,183400.91005327206,94077.31754985303,
2025-01-13,77698.58475561859,182115.44314139517,94426.94016210297,
2025-01-14,77008.20960835544,182030.9192896553,94548.26797097787,
2025-01-15,78075.15301776215,181576.60358655363,94285.43298725587,
2025-01-16,79173.47711568084,180590.49198292205,94139.8685521058,
2025-01-17,79832.47157443204,179537.46566332976,95575.05676328808,
2025-01-18,82499.83009794884,178991.58245417656,93888.16744549439,
2025-01-19,84602.33622825032,180502.44630402632,93974.22539620042,
2025-01-20,82123.26183580529,179132.4555404096,93637.38472648645,
2025-01-21,82782.25629455649,175968.093840899,93534.43725033304,
2025-01-22,84665.09760527423,176647.80648197365,93533.56289501193,
2025-01-23,83817.81901545126,170847.3571563265,93980.33959312215,
2025-01-24,86108.60927682449,149922.42110998,95864.1412776216,
2025-01-25,86893.12648962355,148487.27654398046,95207.1355925553,
2025-01-26,88681.82573480542,141996.54909579124,94782.32471301577,
2025-01-27,90345.0022259394,144129.0154386445,94679.66030153466,
2025-01-28,89466.34294760447,144544.59104303212,94738.43710815678,
2025-01-29,92478.88904475284,141737.69479983798,94309.92751689914,
2025-01-30,95240.38963380552,145879.36353509058,94714.21306253373,
2025-01-31,98409.8391735137,146203.3716334267,93947.39086526615,
2025-02-01,102646.23212262861,147284.57257026562,92438.29761330869,
2025-02-02,97656.7026492266,144868.59914136823,85877.10383205184,
2025-02-03,101359.62389363813,143480.9992419724,83896.42483603836,
2025-02-04,112750.81382348045,143114.72921776638,84046.66298344443,
2025-02-05,124424.42994993039,138793.44729756654,84347.40347195076,
2025-02-06,125805.18024445671,144370.2605988187,84136.63351695429,
2025-02-07,120093.89493527959,144093.79716708628,83838.7739977794,
2025-02-08,116045.78611723645,150852.18347911842,85126.9824504501,
2025-02-09,120847.0314595667,150774.70328169022,84259.7666494059,
2025-02-10,116610.6385104518,145588.81279473487,83890.34209074687,
2025-02-11,119309.37772248055,146233.30716425122,83764.0763759218,
2025-02-12,105658.77821977697,145830.05795490902,84025.69103638985,
2025-02-13,95616.95789594905,147094.39390385093,84078.69332369699,
2025-02-14,104780.11894144202,143817.33373535387,89300.14201094591,
2025-02-15,104748.73825293007,140880.12988739408,87914.85495632754,
2025-02-16,104121.12448269082,142163.83588569306,83516.11801331081,
2025-02-17,99633.6860254802,139966.21574045697,83095.02471646751,
2025-02-18,103619.03346649942,140121.17613531338,83314.2677406549,
2025-02-19,104780.11894144201,144806.96716614126,83638.80453261279,
2025-02-20,105407.73271168125,144539.30830229842,83132.6786082098,
2025-02-21,101987.23766387739,141426.01309654725,83028.22145380412,
2025-02-22,100763.39081191087,131663.50822059464,82942.08172885943,
2025-02-23,101893.0955983415,130707.3321477876,84510.40469091466,
2025-02-24,101296.86251661423,152465.18031648715,83432.96619324044,
2025-02-25,101077.1976970305,162542.8887228863,83400.83520777107,
2025-02-26,99916.11222208788,167808.02032084778,83196.4813853468,
2025-02-27,102771.75487667647,162130.83494565458,81040.0255181595,
2025-02-28,110993.49526681058,165724.85955817607,83200.07945184808,
2025-03-01,112813.5752005044,161262.7045517432,84472.1720891757,
2025-03-02,111652.4897255618,161169.3761321138,85474.91925531837,
2025-03-03,116359.59300235612,162534.0841549968,85697.20679731453,
2025-03-04,118619.0025752174,163775.52822742585,85567.05366098983,
2025-03-05,113535.33103627952,161974.1136372203,85457.24972944063,
2025-03-06,112970.4786430642,165462.483435067,86166.0939914946,
2025-03-07,113064.6207086001,163955.14141237302,87637.40125486269,
2025-03-08,113503.95034776758,164449.95812776673,87382.61788848622,
2025-03-09,121349.12247575814,162417.86385885454,85564.96527274084,
2025-03-10,123451.6286060596,154576.5156964056,85603.40545523951,
2025-03-11,123734.05480266726,155039.63596739684,85602.83303556887,
2025-03-12,128880.48771862905,159130.23820889,84563.96681724039,
2025-03-13,130543.66420976305,153849.25838872732,84698.12060093365,
2025-03-14,130386.76076720322,155182.2699672079,84436.50594046558,
2025-03-15,141150.33692680625,154662.80046172338,84872.7966650485,
2025-03-16,135658.71643721286,152516.2468102468,87026.86220833637,
2025-03-17,136411.85296149994,149260.31760468468,86673.15088415318,
2025-03-18,138702.6432228732,149630.1094560465,86854.13614529737,
2025-03-19,145167.0650563374,149850.2236532857,90125.77875679197,
2025-03-20,142468.32584430865,144542.83012945432,88666.9389196573,
2025-03-21,142939.03617198812,143438.73731610255,88342.27632117839,
2025-03-22,145355.34918740916,142621.67341595067,89532.03488082226,
2025-03-23,144727.73541716993,134320.72680966626,88296.97339295788,
2025-03-24,138639.88184584922,128062.43995376158,90006.12417464665,
2025-03-25,137321.89292834682,128971.07135996498,90077.75840771735,
2025-03-26,137133.60879727505,121937.98252977832,89969.06157355319,
2025-03-27,138828.165976921,125299.56655001527,88837.28723944898,
2025-03-28,142154.51895918904,126130.71775879046,88216.80318743577,
2025-03-29,142468.32584430865,132255.17518277373,86549.47678366119,
2025-03-30,130355.38007869122,130777.76869090427,86174.2022217746,
2025-03-31,132552.0282745286,136342.255597111,86514.22579647045,
2025-04-01,132363.74414345683,132889.1040708226,86512.07450496094,
2025-04-02,135533.193683165,130244.21187679644,87471.65116341444,
2025-04-03,134026.92063459082,128514.99474328537,91851.13341838855,
2025-04-04,134936.96060143772,128402.2962742989,91517.09194376734,
2025-04-05,136192.1881419162,126863.25780720248,91235.58727232549,
2025-04-06,136098.0460763803,130293.51745697805,92496.357322761,
2025-04-07,135156.62542102142,132610.87972551226,95598.2995180472,
2025-04-08,135972.52332233248,132260.45792350746,96356.64235579781,
2025-04-09,135313.52886358128,132498.1812565258,96599.75087702334,
2025-04-10,135188.0061095334,129529.2809641636,106559.0794363377,
2025-04-11,143409.7464996675,127414.42375708945,109184.85023987657,
2025-04-12,142123.13827067707,126926.65069600739,111121.4025986411,
2025-04-13,140679.62659912682,126926.65069600739,110006.50520933217,
2025-04-14,140020.6321403756,127757.80190478258,109211.4960610293,
2025-04-15,140491.34246805505,124686.76862490138,109790.48283208297,
2025-04-16,139644.0638782321,125526.72440156613,111236.2513716833,
2025-04-17,135627.33574870092,121564.66885126068,111119.93066234513,
2025-04-18,134654.5344048301,116454.49764815562,111652.6835369227,
2025-04-19,116830.30333003552,128124.07192898857,114130.88329130117,
2025-04-20,120815.65077105473,126178.26242539412,112523.74272718417,
2025-04-21,120031.13355825568,126722.38472096939,111860.55365160959,
2025-04-22,120627.36663998294,126014.49746264816,112987.36491845944,
2025-04-23,119089.7129028968,131994.55997324255,112881.5993762351,
2025-04-24,130104.33457059557,128948.17948345213,112843.00193558513,
2025-04-25,128723.58427606922,127988.48158348925,114151.20104444645,
2025-04-26,120062.51424676765,127222.48417709686,114833.0598077409,
2025-04-27,121945.35555748538,126977.71718976689,118175.60068415818,
2025-04-28,126181.74850660028,127872.26128734696,120175.11920669489,
2025-04-29,123263.3444749878,128925.28760693925,119608.54953926624,
2025-04-30,122321.92381962892,130263.58192615352,119339.5248747099,
2025-05-01,123953.71962225097,127874.02220092487,117561.19937743644,
2025-05-02,119152.47427992075,126722.3847209694,114454.19346967907,
2025-05-03,119340.75841099252,126782.25578261848,121999.98053609491,
2025-05-04,118556.24119819347,122682.84897323577,116441.74779206647,
2025-05-05,116045.7861172365,129305.64493976856,117864.99696440363,
2025-05-06,116798.92264152359,129899.07281552543,117829.63275134398,
2025-05-07,117332.39434622694,129823.35353167514,120408.86772275629,
2025-05-08,115480.93372402118,136631.04542388886,120700.04691566483,
2025-05-09,122572.96932772466,143614.82867389394,115343.64557331415,
2025-05-10,121286.3610987342,141922.59072551902,120556.35070735196,
2025-05-11,118211.05362456187,138097.88643429082,120096.70400214105,
2025-05-12,118587.62188670543,144167.75553735875,121483.7083157714,
2025-05-13,116924.44539557144,141297.46640535968,121730.12554849983,
2025-05-14,117771.72398539443,144176.5601052483,120707.01659692955,
2025-05-15,119842.84942718394,142834.74395887819,119982.52200366027,
2025-05-16,119089.71290289686,155474.58162114152,121840.57109330624,
2025-05-17,120501.84388593516,155282.64204114894,121928.83694845621,
2025-05-18,122416.06588516485,153673.16703093596,121459.44023786599,
2025-05-19,127248.69191600704,156951.98811301097,124602.80423019911,
2025-05-20,125867.94162148071,157008.33734750416,127139.32788772401,
2025-05-21,127531.11811261468,153308.6579203079,128756.28136048082,
2025-05-22,130888.85178339465,152176.39048970945,135203.07298184506,
2025-05-23,132238.221389409,153773.539104877,141968.20542400682,
2025-05-24,131798.89175024154,152820.88485922577,140891.85515273944,
2025-05-25,138106.41014114596,148006.5471372102,139430.3859593154,
2025-05-26,137416.03499388276,148619.3450623241,142245.03009286663,
2025-05-27,137384.65430537082,146888.36701523513,140825.95769702745,
2025-05-28,131767.51106172954,151575.91895964093,140998.95424408666,
2025-05-29,132646.1703400645,156133.16329928115,132831.82135098858,
2025-05-30,132897.2158481602,165126.14894168553,133496.5326854676,
2025-05-31,134089.68201161476,163745.59269660135,138135.93750320197,
2025-06-01,135344.90955209328,167415.33659297312,138565.02580445632,
2025-06-02,135721.47781423683,164629.57131271393,135040.94611820232,
2025-06-03,136882.56328917944,165201.86822553584,136040.50408903704,
2025-06-04,136192.1881419163,164379.5215846502,133220.97866247015,
2025-06-05,133493.4489298875,163705.09168430936,137275.37057679388,
2025-06-06,131673.36899619372,161896.63343979215,136138.44446565377,
2025-06-07,128503.91945648553,169255.4912818928,140588.4853079438,
2025-06-08,125208.94716272948,172076.47483371032,141287.05117723014,
2025-06-09,127405.59535856685,172897.06056101804,141701.7094705231,
2025-06-10,130198.47663613148,174251.20310243353,140869.62514047467,
2025-06-11,129257.05598077261,178759.1418618922,138539.72611307853,
2025-06-12,129539.48217738028,173522.18488117735,140462.52781909518,
2025-06-13,130480.90283273914,180132.65445266475,136943.20361933587,
2025-06-14,131516.4655536339,181685.7802283845,139914.0994519981,
2025-06-15,128786.34565309317,180231.26561302794,137289.27219736692,
2025-06-16,129413.9594233324,181955.2000058053,135587.31125835466,
2025-06-17,130010.1925050597,174466.03455893905,135772.498457301,
2025-06-18,130261.2380131554,174899.21929910575,136121.2467142298,
2025-06-19,130512.28352125108,170833.26984770343,142247.38267480975,
2025-06-20,131234.03935702622,178880.64489876828,144793.74440227868,
2025-06-21,128095.97050582999,169213.22935602296,137998.84613724277,
2025-06-22,128252.8739483898,169089.965405569,142287.93011653554,
2025-06-23,129131.53322672473,170535.67545303603,142232.43686011215,
2025-06-24,129006.01047267689,170028.53234259694,141673.66719698693,
2025-06-25,130606.42558678697,175082.3543112088,141525.2029215273,
2025-06-26,130857.47109488267,170151.7962930509,151275.40959127058,
2025-06-27,130135.71525910754,164067.83988135963,148599.78166345015,
2025-06-28,130449.52214422716,154965.67759712457,150171.60833711587,
2025-06-29,130700.56765232285,155287.92478188276,149336.84432816962,
2025-06-30,133242.4034217918,153155.45843902946,138014.9242106295,
2025-07-01,132489.26689750468,150447.17335619847,137980.18903017495,
2025-07-02,130229.85732464342,150382.01955381565,134611.02749390912,
2025-07-03,129413.95942333239,156805.83228604423,136916.04199144684,
2025-07-04,130449.52214422714,154280.68221531625,138986.84248879537,
2025-07-05,130418.14145571516,154219.05024008924,137658.99240135023,
2025-07-06,131328.18142256205,159544.05289969975,132890.522673698,
2025-07-07,131516.46555363384,160855.93351524533,134038.19266173348,
2025-07-08,131579.22693065778,156506.4769777989,134190.14177782548,
2025-07-09,132457.8862089927,141473.5577631511,133804.30575849896,
2025-07-10,132206.840700897,139693.27413588052,127239.28116867696,
2025-07-11,131830.27243875345,138957.21226031266,128328.45112443661,
2025-07-12,131077.13591446637,139730.25332101673,129074.10637454203,
2025-07-13,131171.27798000228,84981.68927010708,128612.69837803679,
2025-07-14,131893.0338157774,98334.69693142541,134677.3778530968,
2025-07-15,132238.22138940898,91262.86800252466,135653.82516601955,
2025-07-16,133273.78411030374,94495.9053315739,135381.80630626285,
2025-07-17,132897.2158481602,88573.95296905068,139416.15724178756,
2025-07-18,133054.11929072003,92643.42424760885,138335.1898711986,
2025-07-19,134529.01165078225,94409.62056625611,137143.53792341333,
2025-07-20,134936.96060143775,108683.58602882322,138731.85783198522,
2025-07-21,133775.87512649517,109269.97025026841,139086.40576953322,
2025-07-22,134215.20476566264,108933.63575688693,138462.8583287331,
2025-07-23,136474.61433852394,102522.14941970375,137146.6830864389,
2025-07-24,138451.59771477754,113911.73844164847,137388.50838115,
2025-07-25,140993.4334842465,118766.57717595609,138760.51655747433,
2025-07-26,139738.205943768,117609.65695526688,142733.3481042186,
2025-07-27,141244.4789923422,118423.19902826294,145900.35114185204,
2025-07-28,143598.03063073932,112230.06597474104,151844.4828084675,
2025-07-29,144884.63885972978,109770.06970639585,153854.41811094497,
2025-07-30,146234.00846574415,103724.85339341869,155537.65903962898,
2025-07-31,140271.67764847132,112539.98676445385,160897.79683565404,
2025-08-01,140742.38797615079,112918.58318370525,160202.84161352104,
2025-08-02,142782.13272942833,116898.24786978982,166915.48757511182,
2025-08-03,140742.38797615079,119750.92786600975,167275.7471287143,
2025-08-04,141903.4734510934,118613.37769467759,167989.59849030498,
2025-08-05,139393.01837013641,120752.88769184254,166388.27018745927,
2025-08-06,141307.24036936613,119261.39389134978,167868.32100403847,
2025-08-07,139895.10938632782,129115.46627335392,166762.3432970701,
2025-08-08,140616.86522210296,126525.1624002431,168391.12258280313,
2025-08-09,144225.64440097864,129624.37029737093,166955.69533923088,
2025-08-10,143880.45682734705,128352.99069411735,165235.20309967184,
2025-08-11,143692.17269627526,120853.25976578363,163389.6969201719,
2025-08-12,144476.68990907434,120936.02270394556,166092.31034675182,
2025-08-13,141024.8141727585,121812.9576657465,166614.49547356344,
2025-08-14,141997.6155166293,120469.38060579846,175597.40817158535,
2025-08-15,142593.84859835656,120638.42830927816,183851.82562896944,
2025-08-16,142907.65548347618,116732.72199346595,201305.8575168381,
2025-08-17,143221.4623685958,124771.29247664123,197098.38422773313,
2025-08-18,143754.93407329917,123894.35751484029,201099.23288670933,
2025-08-19,142750.75204091633,127328.13899177167,199776.23893097567,
2025-08-20,142248.66102472498,125428.11324120297,203439.80030708827,
2025-08-21,142531.08722133262,120332.0293467212,220068.13883617648,
2025-08-22,138922.30804245698,120490.51156873343,205481.13691721315,
2025-08-23,138734.02391138521,125252.02188341162,212906.67811083488,
2025-08-24,139204.73423906465,131866.01328205486,215543.35633974645,
2025-08-25,137949.50669858616,132135.43305947562,219970.48781455815,
2025-08-26,139236.11492757656,132779.92742899197,220610.71720004597,
2025-08-27,139989.25145186367,135218.7927344022,222288.37231919655,
2025-08-28,141150.33692680625,136752.5484607649,232285.6378349255,
2025-08-29,142248.66102472495,136416.21396738337,230215.99475757036,
2025-08-30,148744.46354670112,154447.96900521795,235376.15050777674,
2025-08-31,164497.56917970622,151949.23263815866,229943.22105868754,
2025-09-01,161924.3527217253,155340.75218922013,223525.05042085607,
2025-09-02,167039.40494917514,157888.794136461,210356.9321879504,
2025-09-03,165972.46153976844,156465.9759655069,220262.05700768184,
2025-09-04,168639.82006328524,156275.79729909223,217550.1716405025,
2025-09-05,168545.67799774936,158499.831147997,199399.18420681654,
2025-09-06,177928.50386282607,161148.24516917896,218725.9593859867,
2025-09-07,179497.53828842417,175735.65324861463,210924.64669472032,
2025-09-08,180407.57825527104,172678.7072773568,205408.87365153726,
2025-09-09,183137.69815581175,168248.24871532636,206321.73834873477,
2025-09-10,180627.24307485478,153882.71574670775,216537.52979148127,
2025-09-11,182164.89681194094,151082.86315782525,225312.63527807678,
2025-09-12,180344.81687824716,155203.4009301429,225406.1095231971,
2025-09-13,181348.99891062992,163742.07086944563,223691.14018991104,
2025-09-14,185648.15323676876,172189.1733026968,227844.51667497592,
2025-09-15,209152.2889322285,164081.92718998293,225100.12290276415,
2025-09-16,219696.2002722478,165164.88904039975,224302.9373016476,
2025-09-17,214989.09699545347,170415.93332973792,229740.49643071045,
2025-09-18,216777.79624063527,171349.21752603207,224486.01095104078,
2025-09-19,238869.80095305675,172099.36671022323,210781.59209966467,
2025-09-20,233440.94184048727,167503.3822718689,212500.90175792607,
2025-09-21,236547.6300031715,159521.16102318687,220642.79786290682,
2025-09-22,238807.03957603278,161470.49235393715,218481.08957346677,
2025-09-23,230334.25367780298,161599.03904512484,221890.04371233232,
2025-09-24,209434.71512883608,153696.05890744893,223392.29937987216,
2025-09-25,185334.3463516491,156689.61198990192,230699.3182500378,
2025-09-26,194811.31428226168,155708.78312700405,222672.35898266395,
2025-09-27,206139.74283508008,161988.20094584374,227338.64865394103,
2025-09-28,208210.86827686956,168558.16950503914,225640.48707186364,
2025-09-29,196254.82595381193,165962.58289119456,216414.1639169658,
2025-09-30,202311.29883662067,170676.5485392691,205546.4305016242,
2025-10-01,202374.06021364458,166490.85696456864,211721.22842453598,
2025-10-02,199738.08237863975,179424.76719434353,204273.43205734523,
2025-10-03,210250.61303014707,167772.8020492897,205515.48209745248,
2025-10-04,211694.12470169732,170231.037404057,197350.58856042864,
2025-10-05,219068.58650200843,172470.919475163,204552.15640467248,
2025-10-06,207614.6351951422,169597.10851600816,205617.59925056717,
2025-10-07,211882.40883276908,170273.29932992696,209324.1487149134,
2025-10-08,208273.62965389344,171558.76624180385,209105.79891702527,
2025-10-09,211097.89161997006,172180.36873480733,215260.56844179012,
2025-10-10,199361.5141164962,172020.1255992172,213874.38187054644,
2025-10-11,207991.2034572858,173957.1305349221,207013.1961495834,
2025-10-12,204539.32772096994,163469.12926486912,207672.81231996097,
2025-10-13,203064.43536090772,166698.64476676256,205333.37715827127,
2025-10-14,202938.9126068599,166781.4077049245,204250.66107704007,
2025-10-15,210438.8971612189,164562.65659675343,203265.4324689499,
2025-10-16,207489.11244109442,165973.14837266214,205609.71118169904,
2025-10-17,206265.26558912787,167700.60459259534,195289.90290737044,
2025-10-18,208430.53309645326,166663.42649520427,187615.60447972926,
2025-10-19,207332.2089985346,165316.3276081004,190415.70537945017,
2025-10-20,212227.5964064007,164011.49064686647,202545.95755586954,
2025-10-21,210376.13578419495,164800.37992977173,205771.8757872982,
2025-10-22,210595.80060377868,163701.5698571537,206221.67184191296,
2025-10-23,208493.2944734772,170521.58814441285,203422.3383619703,
2025-10-24,208556.05585050114,169480.8882198659,200758.43560190924,
2025-10-25,204319.66290138624,163800.18101751682,197064.75614466367,
2025-10-26,205606.2711303767,162840.48311755396,203061.6636468484,
2025-10-27,206892.8793593671,161299.6837368796,195792.07221668723,
2025-10-28,205229.70286823311,158628.37783918474,195795.07899253964,
2025-10-29,205355.225622281,160665.75484883075,197903.5837042389,
2025-10-30,205386.60631079294,161746.95578566962,202583.3598345697,
2025-10-31,205261.08355674508,160866.49899671285,198239.8016316738,
2025-11-01,205669.03250740055,162530.56232784112,213424.19581571652,
2025-11-02,205449.36768781685,159980.75946702235,210087.894942742,
2025-11-03,195156.5018558932,159663.79502299792,215950.41591916958,
2025-11-04,190480.7792676108,160848.8898609337,215592.69765729178,
2025-11-05,161108.45482041416,159908.5620103279,213459.22035116938,
2025-11-06,177740.21973175416,164451.71904134483,230109.41147295936,
2025-11-07,180815.5272059265,162990.16077167657,225885.00462612466,
2025-11-08,180344.81687824705,166052.38948366823,222618.63959818703,
2025-11-09,184047.73812265857,162632.69531536015,218777.13747873902,
2025-11-10,185397.10772867294,163502.58662284943,220698.379183895,
2025-11-11,184895.01671248156,162590.43338949018,223081.15469207725,
2025-11-12,183671.16986051502,163779.0500545818,220672.58884708522,
2025-11-13,185428.4884171849,162771.8074880153,223495.36008189456,
2025-11-14,184455.68707331407,162944.37701865082,219958.0078076726,
2025-11-15,184236.02225373036,161981.15729153214,217645.18072517935,
2025-11-16,183451.5050409313,160864.73808313493,220179.5027685863,
2025-11-17,178587.49832157715,161225.72536660722,217366.0160550285,
2025-11-18,177928.50386282592,161479.29692182684,218060.14095412273,
2025-11-19,182070.75474640494,162144.92225427815,218203.98813026084,
2025-11-20,179591.68035395988,161341.94566274955,221595.9080661798,
2025-11-21,179936.8679275915,165302.24029947713,227273.85829561405,
2025-11-22,180313.43618973502,167528.03506195982,228932.66759791534,
2025-11-23,182823.891270692,169040.65982538756,227883.8437934479,
2025-11-24,182227.6581889647,168103.85380193754,223327.98708632507,
2025-11-25,184361.54500777816,170880.8145143072,223209.42702091267,
2025-11-26,183137.6981558116,174902.74112626168,224311.59279029403,
2025-11-27,181913.8513038451,194101.98186625293,223874.51577495472,
2025-11-28,181380.3795991417,192089.25764669778,216852.70028794903,
2025-11-29,181819.70923830918,195565.30104949907,219780.7715808549,
2025-11-30,178964.0665837206,195394.4924324415,214998.79023284474,
2025-12-01,180438.95894378284,199571.3794392524,212598.42697302342,
2025-12-02,180187.91343568717,207842.39051471226,213177.8414862486,
2025-12-03,181160.71477955795,194876.7838405349,214620.8422823864,
2025-12-04,180093.77137015125,197651.98363932662,214141.7710503295,
2025-12-05,179497.53828842397,196952.90094889497,209795.34445875426,
2025-12-06,180533.10100931872,206644.96928173103,209214.1812348869,
2025-12-07,187907.56280962983,207032.370268872,208790.21325903822,
2025-12-08,191265.2964804098,204125.10195173675,206431.22776398147,
2025-12-09,190104.2110054672,207159.15604648174,206934.8690095943,
2025-12-10,191547.72267701745,205695.8368632356,203483.040008364,
2025-12-11,192426.3819553524,209358.53710529575,194132.26904286986,
2025-12-12,196317.58733083573,200575.10017866304,199050.9265953198,
2025-12-13,195564.45080654862,203512.30402662282,195851.6541850439,
2025-12-14,195972.39975720414,207275.37634262405,198407.31301441646,
2025-12-15,190041.44962844328,206921.43271346344,194269.8636349131,
2025-12-16,190794.58615273036,208585.4960445917,196096.75044930162,
2025-12-17,190982.87028380219,209531.1066359313,201864.6523412676,
2025-12-18,191265.2964804098,216285.9711208076,202424.03845634582,
2025-12-19,190825.9668412423,210386.91063479727,199773.55925207798,
2025-12-20,190731.8247757064,206910.86723199597,193798.95724607064,
2025-12-21,190512.1599561227,208789.76201962968,183505.06511507285,
2025-12-22,191641.86474255336,203019.24822480706,182489.50455476396,
2025-12-23,191359.43854594568,205345.41506123077,187775.1145677348,
2025-12-24,191171.15441487395,204998.51508638184,179870.2631096662,
2025-12-25,187405.47179343848,206968.97738006708,182627.0991468072,
2025-12-26,186903.38077724708,199419.94087155175,186827.23791573645,
2025-12-27,189194.1710386203,201841.19704118287,185968.19324823268,
2025-12-28,189100.02897308438,199465.7246245775,184687.72189660495,
2025-12-29,188754.8413994528,202987.55178040458,186473.73417231295,
2025-12-30,190323.8758250509,201943.33002870186,190765.20847550515,
2025-12-31,190010.06893993125,206062.10688744162,195776.01930460468,
2026-01-01,189759.02343183558,205044.29883940762,208923.85752632137,
2026-01-02,189759.02343183558,209811.09189481958,209654.93180064016,
2026-01-03,190825.96684124225,200978.34938800527,206503.99425574145,
2026-01-04,192489.1433323762,179063.77991087135,206037.88109534993,
2026-01-05,191641.86474255324,184411.6744469948,214849.86047325737,
2026-01-06,191924.2909391609,177714.92011018965,216310.39869842585,
2026-01-07,191108.3930378499,181310.70563628903,219501.6572333126,
2026-01-08,191987.0523161848,182728.24106650942,217668.2284798309,
2026-01-09,191736.00680808912,178320.67438099187,212329.75456672607,
2026-01-10,193305.0412336872,180046.36968734712,210540.55938603618,
2026-01-11,193838.51293839057,182073.1812155256,211845.22333165674,
2026-01-12,193242.27985666326,182962.44257237195,218720.77615732068,
2026-01-13,193712.9901843427,183872.83489215325,218402.81275608626,
2026-01-14,200993.30991911795,181831.93605535146,219828.0496714556,
2026-01-15,199581.17893607964,187982.80718300343,215203.35163602882,
2026-01-16,199455.6561820318,189919.8121187083,213210.09827823905,
2026-01-17,200177.41201780693,192811.23221364236,208115.78966113634,
2026-01-18,199894.98582119925,192666.83730025345,210493.43226326085,
2026-01-19,200867.7871650701,192520.68147328665,197796.24558050185,
2026-01-20,200020.5085752471,195140.92087722197,195429.1581454912,
2026-01-21,199361.5141164959,192318.1764118266,187174.26262332726,
2026-01-22,197415.91142875425,183430.84558409694,173887.42077653183,
2026-01-23,197164.86592065854,185450.61345796377,180466.74956779418,
2026-01-24,197855.24106792174,180270.00571174212,177224.02358515683,
2026-01-25,205700.4131959123,189111.55278644594,198746.562879008,
2026-01-26,204915.89598311324,188220.53051602168,196073.35043639122,
2026-01-27,204131.3787703142,188909.0477249859,196284.9444241004,
2026-01-28,204288.282212874,189759.56898311814,189114.72756489558,
2026-01-29,211725.5053902091,188298.0107134499,191159.93901586797,
2026-01-30,214110.4377171182,190898.88006802817,195202.0144717835,
2026-01-31,215334.2845690848,189757.80806954022,189172.00727391752,
2026-02-01,224371.92286052988,187017.82654230678,185380.75227896625,
2026-02-02,218817.54099391258,186169.06619775243,189677.12045582625,
2026-02-03,219256.87063308005,185674.24948235875,191560.77117250045,
2026-02-04,228074.8441049414,187940.54525713343,188356.20230768947,
2026-02-05,230177.35023524286,189993.77048898066,191607.40764984378,
2026-02-06,214926.3356184292,186702.62301186027,190059.37098930357,
2026-02-07,220323.81404248672,187905.32698557517,197023.6928962016,
2026-02-08,220323.81404248672,192363.96016485224,194468.8266479115,
2026-02-09,222771.50774641978,194654.90872971775,206425.2896961892,
2026-02-10,221359.3767633815,198955.05968698254,206697.8746852905,
2026-02-11,223085.3146315394,200233.48294454778,207195.6281857194,
2026-02-12,226380.28692529543,203102.0111629689,202516.4056040811,
2026-02-13,224246.400106482,201163.24531368611,191641.80315269163,
2026-02-14,224371.92286052986,201103.3742520371,190107.13972533616,
2026-02-15,221014.1891897499,202557.88886739366,191268.3590756859,
2026-02-16,220292.43335397477,199370.63529137016,190402.96117887046,
2026-02-17,221108.3312552858,200076.76163611352,189921.22284856785,
2026-02-18,223148.07600856337,202626.56449693232,184625.15831369997,
2026-02-19,232311.23705405634,206967.21646648916,190380.42923095517,
2026-02-20,231432.5777757214,209786.43910472872,184965.04979154875,
2026-02-21,234413.74318435782,225550.13745421066,186705.85978425306,
2026-02-22,234696.1693809655,228471.4930799692,180873.10463069956,
2026-02-23,228608.3158096448,227758.32308091424,173749.88908774906,
2026-02-24,231024.6288250659,230982.55584207393,174364.8187818591,
2026-02-25,235135.49902013296,229485.7793008474,176625.32293225874,
2026-02-26,232562.28256215208,230003.48789275397,183639.79131843668,
2026-02-27,230742.20262845827,240502.05464427444,185666.1443719077,
2026-02-28,232342.61774256834,233829.95309756006,184682.11092576722,
2026-03-01,230365.6343663147,236969.66200697992,187206.5823185781,
2026-03-02,228890.7420062525,238778.12025149714,195078.77440378902,
2026-03-03,230114.58885821898,242958.52908546382,193255.30952677238,
2026-03-04,229894.92403863528,242291.14283943461,190607.01935597035,
2026-03-05,233001.6122013195,238804.53395516583,187417.52211237795,
2026-03-06,236171.0617410277,246878.32270989937,194232.51167882123,
2026-03-07,241913.72773871676,249091.79107733667,198551.8521264201,
2026-03-08,239811.2216084153,274475.3603029602,202708.99022646356,
2026-03-09,240501.59675567842,274313.3562537921,203522.26648161904,
2026-03-10,236704.53344573098,261115.30898733024,204172.3968403114,
2026-03-11,237928.38029769753,272654.57566339767,204990.0260010943,
2026-03-12,240250.55124758274,269898.74591396295,203962.92898280756,
2026-03-13,241160.59121442962,269483.17030957533,207093.93877477618,
2026-03-14,241788.20498466885,276389.4733621522,203361.77510274955,
2026-03-15,242886.52908258754,286935.5847802764,209925.05098192932,
2026-03-16,240972.30708335785,287455.05428576085,211888.50077488867,
2026-03-17,244298.66006562588,282996.4211064838,212200.85320528544,
2026-03-18,244361.4214426498,280918.5430845458,211388.1430794746,
2026-03-19,243671.0462953866,294350.79185687023,203961.96027259566,
2026-03-20,243263.0973447311,311017.8388718219,195934.5229404419,
2026-03-21,245396.98416354452,312995.34481981874,195276.79386787975,
2026-03-22,247028.7799661666,313504.2488438358,195684.58312512483,
2026-03-23,247593.6323593819,328854.13250250806,199897.42835267744,
2026-03-24,247844.67786747759,329065.4421318577,199969.8048442222,
2026-03-25,250763.08189909012,324235.2561876408,202317.66904282046,
2026-03-26,260208.66914119074,323648.87196619564,200442.3089758817,
2026-03-27,269936.682579899,337260.7339234672,200105.13491888702,
2026-03-28,287823.67503171746,329695.84919275076,195113.55990685197,
2026-03-29,279633.3153300953,302207.9882415205,194122.8838764015,
2026-03-30,279633.3153300953,301593.4294028286,201113.5874107581,
2026-03-31,281924.1055914686,312222.3037591147,203522.4174494443,
2026-04-01,290522.4142437462,320230.9387114655,202422.08845526987,
2026-04-02,305083.0537132968,346866.5174909856,212711.25026107716,
2026-04-03,304737.86613966513,330535.80496941553,215915.74364197557,
2026-04-04,300940.80282971775,338426.4587120461,217756.69562541446,
2026-04-05,302321.55312424403,342203.6183366706,217071.0752471414,
2026-04-06,312363.37344807194,328553.0162806849,220352.7635093397,
2026-04-07,319141.6021666558,337153.3181952146,220172.2311516712,
2026-04-08,324256.65439410566,341263.29048606486,222230.12389996275,
2026-04-09,356296.3373648191,337579.45928106975,216968.0648677275,
2026-04-10,310449.15144884225,322715.5877699016,216947.30679175866,
2026-04-11,278095.66159300925,326579.0321598439,213954.6464309594,
2026-04-12,278942.9401828322,321317.42238903826,219522.69208362765,
2026-04-13,282708.6228042676,317380.01962882356,214631.68680449863,
2026-04-14,282363.4352306361,331208.47395617864,215830.6732724596,
2026-04-15,283806.9469021863,337686.8750093225,218776.2819943961,
2026-04-16,246463.9275729513,339394.9611798986,225148.20615509932,
2026-04-17,254214.957635406,342231.7929539174,234207.0305079067,
2026-04-18,258827.91884666443,375993.7889832536,232980.11499227854,
2026-04-19,257196.1230440424,401935.56781307573,226138.32863685724,
2026-04-20,257698.21406023385,407262.33138626424,223778.50023810964,
2026-04-21,259612.4360594635,419872.233517703,223156.28634643237,
2026-04-22,282332.0545421242,413372.7015016242,221390.8685982159,
2026-04-23,273639.60382431064,400229.24255607754,218396.9250109022,
2026-04-24,280919.92355908593,419505.96349349705,223382.66260036177,
2026-04-25,280198.16772331076,409551.5190375518,243606.76537138308,
2026-04-26,288639.57293302857,417979.251421446,244462.7529404259,
2026-04-27,288325.7660479089,434762.51873253984,246525.95472390467,
2026-04-28,289173.0446377319,465839.12155555794,247277.623525715,
2026-04-29,280480.59391991835,462438.7974366069,259178.94557582817,
2026-04-30,280668.87805099017,476464.47408468823,285676.164065941,
2026-05-01,287321.58401552617,482067.70108960907,283274.6182248221,
2026-05-02,288074.7205398133,508352.8580671243,291739.610637095,
2026-05-03,288231.6239823731,509773.9153245006,281002.8292294866,
2026-05-04,286976.3964418946,517002.4655618357,293291.4592352222,
2026-05-05,288921.9991296363,566896.1908784377,291656.88026887004,
2026-05-06,302980.5475829953,580377.7452309438,289361.7667445369,
2026-05-07,308283.8839415169,563890.3114009394,291605.87830524717,
2026-05-08,315062.1126601008,598560.938836479,297406.74150572123,
2026-05-09,317886.3746261774,647896.4545488824,303834.1966648042,
2026-05-10,323785.9440664263,694860.0196718364,317248.94600152405,
2026-05-11,318859.1759700483,714918.5862378497,318836.52365162194,
2026-05-12,321557.91518207703,707040.2588902646,314906.10148311465,
2026-05-13,329371.70662155555,672531.635503893,315667.9102905194,
2026-05-14,331223.16724376136,625904.4048743206,299849.6273696484,
2026-05-15,307216.9405321102,600050.6717233941,296252.2402235942,
2026-05-16,313053.74859533523,658268.2355227934,309061.43245202024,
2026-05-17,316411.48226611514,689850.2205426727,308062.8306107453,
2026-05-18,312708.5610217036,648822.6950908653,313889.15705107444,
2026-05-19,312363.373448072,634272.2661965657,310628.35267136607,
2026-05-20,316411.4822661151,631104.3826698993,313303.8547926654,
2026-05-21,316380.1015776032,644726.8101086383,308748.30002119305,
2026-05-22,323817.32475493825,633979.954542632,309189.0757482504,
2026-05-23,329308.9452445316,624706.9836413393,318098.56776060304,
2026-05-24,330218.9852113785,543102.7266136702,311093.7864765439,
2026-05-25,329152.04180197185,581110.285279356,321809.3317434035,
2026-05-26,338158.299404905,565057.7971030961,321817.78594161634,
2026-05-27,351149.9044488573,567741.4293958363,326045.46375799767,
2026-05-28,351620.6147765367,567935.1298894067,313796.3873224717,
2026-05-29,367750.2886716854,572333.8920070347,311357.42662200046,
2026-05-30,369193.80034323566,535388.1642288308,325842.61332349957,
2026-05-31,360595.4916909579,587701.3848014862,322203.1816381192,
2026-06-01,367656.14660614944,604025.0536687446,326764.448025646,
2026-06-02,373053.625030207,603695.7628296746,326486.5414207054,
2026-06-03,373210.52847276686,583005.0282891906,335909.2737162249,
2026-06-04,383691.67843576224,590182.5120327661,341484.2890501579,
2026-06-05,393984.54426768585,624863.7049497731,341841.4034407348,
2026-06-06,402708.37567401136,662927.6128499522,322198.476474233,
2026-06-07,396746.0448567386,651222.8202975609,313983.9396840133,
2026-06-08,398911.31236406404,674387.6384150133,314837.3356387231,
2026-06-09,400731.3922977578,691274.7996272042,314375.87731960946,
2026-06-10,386829.74728695856,684165.9915131673,,
2026-06-11,359936.4972322069,816988.1808680292,,
2026-06-12,373838.14224300615,818976.2522974937,,
2026-06-13,349078.779007068,789523.211793312,,
2026-06-14,370041.07893305883,845074.7524357502,,
2026-06-15,384444.81496004947,834174.6973884655,,
2026-06-16,388555.6851551166,830600.042825301,,
2026-06-17,390093.3388922027,856568.235358792,,
2026-06-18,393325.5498089349,844116.8154493654,,
2026-06-19,368064.0955568054,865835.9235193509,,
2026-06-20,336306.83878269955,917069.7040687451,,
2026-06-21,304832.00820520136,908317.9635865148,,
2026-06-22,320898.920723326,984466.9103498077,,
2026-06-23,328712.7121628046,984768.026571631,,
2026-06-24,351871.6602846327,1011359.5825117034,,
2026-06-25,327834.0528844697,952862.0334534157,,
2026-06-26,324790.12609880936,861283.9619204445,,
2026-06-27,294884.32994690933,875130.0253835786,,
2026-06-28,303231.59309109126,826370.3284111529,,
2026-06-29,304204.39443496213,816105.963165495,,
2026-06-30,327959.57563851756,812427.4147012335,,
2026-07-01,327739.91081893386,795299.0083288687,,
2026-07-02,326955.3936061348,873333.8935341069,,
2026-07-03,325700.1660656564,852708.3127960056,,
2026-07-04,338629.00973258476,887414.1585031035,,
2026-07-05,340825.65792842215,852775.2275119664,,
2026-07-06,344371.67573027394,859193.7575034611,,
2026-07-07,360124.78136327903,860304.8939711245,,
2026-07-08,358304.7014295852,897754.2430326117,,
2026-07-09,354570.39949666173,921151.5017423488,,
2026-07-10,373022.24434169556,966371.7624231684,,
2026-07-11,373587.09673491085,983503.6906226892,,
2026-07-12,370543.1699492505,1017799.243466133,,
2026-07-13,377917.63174956164,1008388.9213057631,,
2026-07-14,378670.76827384875,1077596.346744921,,
2026-07-15,383064.0646655235,1040941.1697070728,,
2026-07-16,380490.8482075425,982436.5769944736,,
2026-07-17,369099.65827770025,1001778.4517342758,,
2026-07-18,369444.84585133183,1037415.82072409,,
2026-07-19,369350.70378579595,1015272.3324818274,,
2026-07-20,369287.942408772,1022879.4791384138,,
2026-07-21,374685.4208328295,1022974.5684716211,,
2026-07-22,378482.48414277687,1010479.1257227468,,
2026-07-23,381338.12679736543,953680.8582671458,,
2026-07-24,388524.3044666048,958861.4660133673,,
2026-07-25,392133.08364548045,921405.0732975687,,
2026-07-26,389402.9637449397,903741.349197518,,
2026-07-27,391976.1802029206,969138.1576540706,,
2026-07-28,391693.7540063129,983697.3911162599,,
2026-07-29,396746.0448567388,981976.9785506382,,
2026-07-30,403743.9383949064,1014571.4888778176,,
2026-07-31,418273.197175945,1034911.801616297,,
2026-08-01,417237.63445505017,1034777.9721843754,,
2026-08-02,419340.14058535156,1033978.5174200028,,
2026-08-03,424235.5279932177,1038539.2835867988,,
2026-08-04,444287.78795236157,1004775.5266438846,,
2026-08-05,453733.37519446225,1024849.9414320989,,
2026-08-06,466191.5085337112,1038822.7906728429,,
2026-08-07,475982.28334944334,1021264.721387467,,
2026-08-08,473158.0213833668,985208.2549661095,,
2026-08-09,484925.7795753526,1022692.8222991549,,
2026-08-10,487781.4222299412,1023420.0796068332,,
2026-08-11,522331.5602816116,1052117.6881860902,,
2026-08-12,532687.1874905591,1056173.072156025,,
2026-08-13,549883.8047951143,1054149.7824550027,,
2026-08-14,570908.8660981291,1118900.335628461,,
2026-08-15,529203.9310657313,1109030.4150242556,,
2026-08-16,553461.2032854782,1113179.1274138198,,
2026-08-17,556254.0845630427,1080843.4713825933,,
2026-08-18,536264.5859809229,1057285.969537266,,
2026-08-19,542666.2464373631,989758.4556514377,,
2026-08-20,565260.3421659757,979879.7304793429,,
2026-08-21,590270.7509100097,994620.3380400571,,
2026-08-22,615689.108604699,947727.2094602197,,
2026-08-23,640228.8070210534,910911.7892867815,,
2026-08-24,641484.034561532,900594.5966337861,,
2026-08-25,666651.3467481256,882022.2411275321,,
2026-08-26,713157.5271228537,862206.680635271,,
2026-08-27,767351.9761830125,951254.3193567806,,
2026-08-28,724015.2453479926,969145.2013083821,,
2026-08-29,704465.0764050402,965709.6589178728,,
2026-08-30,644057.2510195129,943159.3996391122,,
2026-08-31,686923.2715268533,1016404.5999124257,,
2026-09-01,714914.8456795238,1017933.0728980545,,
2026-09-02,688052.9763132841,996743.999815021,,
2026-09-03,722791.3984960263,1006710.7706660115,,
2026-09-04,757090.4910396009,946341.3704744019,,
2026-09-05,782195.0418491707,1011491.651030047,,
2026-09-06,798764.0453834867,993250.3472764406,,
2026-09-07,792079.9587304387,1009658.539995439,,
2026-09-08,848847.6242485783,1036123.3101579016,,
2026-09-09,900782.6637358759,1025526.1322460179,,
2026-09-10,844611.2312994635,983450.863215352,,
2026-09-11,878282.7100727991,998362.2793931236,,
2026-09-12,882236.6768253063,869613.0831439756,,
2026-09-13,910134.1089124407,875255.0502476107,,
2026-09-14,933073.392214685,877635.8054049498,,
2026-09-15,833722.1323858126,822501.601280477,,
2026-09-16,851358.0793295354,817528.7813364492,,
2026-09-17,774255.7276556442,766724.6637000659,,
2026-09-18,766473.3169046775,755384.3802583027,,
2026-09-19,787215.9520110845,646616.2703777393,,
2026-09-20,833188.6606811092,716994.7033462096,,
2026-09-21,796943.9654497928,656774.9808087227,,
2026-09-22,821169.8569810279,659432.1993977941,,
2026-09-23,864349.6843734878,610679.54607968,,
2026-09-24,840249.3155963008,682364.5769229621,,
2026-09-25,854433.3868037078,675808.69567239,,
2026-09-26,850542.1814282244,691144.492022439,,
2026-09-27,812791.213148334,676495.4519677764,,
2026-09-28,797571.5792200323,627985.8047234142,,
2026-09-29,767603.0216911082,609004.9172670842,,
2026-09-30,810814.2297720804,627814.9961063567,,
2026-10-01,808900.0077728506,656796.1117716576,,
2026-10-02,802843.5348900419,646036.929810606,,
2026-10-03,778429.3592277352,661325.1814940514,,
2026-10-04,760856.1736610364,690054.4865177105,,
2026-10-05,795971.1641059222,648919.5453376503,,
2026-10-06,807268.2119702285,625476.5028748874,,
2026-10-07,821326.7604235876,630678.2415840441,,
2026-10-08,824653.1134058556,591279.5611918067,,
2026-10-09,820353.9590797167,587844.0188012974,,
2026-10-10,788879.1285022186,657387.7787338365,,
2026-10-11,804883.2796433194,645364.260823843,,
2026-10-12,788094.6112894196,657077.8579441237,,
2026-10-13,735563.3387203948,624552.0232464827,,
2026-10-14,729381.3430835383,687159.5445956206,,
2026-10-15,754109.3256309645,713687.707646888,,
2026-10-16,741337.3854065959,707114.2172605367,,
2026-10-17,701107.3427342601,592975.3209673372,,
2026-10-18,862027.5134236026,610434.77909235,,
2026-10-19,853711.6309679325,556343.035806002,,
2026-10-20,881797.3471861387,567778.4085809726,,
2026-10-21,903293.1188168329,610658.4151167452,,
2026-10-22,1023889.1047683038,607090.8042078923,,
2026-10-23,1014223.8527066193,631018.0979045813,,
2026-10-24,1067539.6424884433,616793.4380221958,,
2026-10-25,1076169.3318292329,590673.8069210043,,
2026-10-26,1050876.4968885912,595424.7517542151,,
2026-10-27,1075008.2463542898,611790.6825473435,,
2026-10-28,1146775.8809811475,621570.7965590752,,
2026-10-29,1214934.7364291295,593213.0443003558,,
2026-10-30,1274871.8514869774,602683.2375223746,,
2026-10-31,1358124.8181092131,596382.6887406001,,
2026-11-01,1305970.113802332,578747.139257796,,
2026-11-02,1376796.3277738306,595143.005581749,,
2026-11-03,1342748.2807383516,590092.705440293,,
2026-11-04,1288302.786170097,602720.2167075108,,
2026-11-05,1302455.4766889922,583091.3130545086,,
2026-11-06,1276127.079027456,576313.5566931195,,
2026-11-07,1256827.9555925992,577944.1626662674,,
2026-11-08,1283376.0180737192,560683.6877755589,,
2026-11-09,1299505.691968868,552821.208650175,,
2026-11-10,1355143.652700577,555015.3069682553,,
2026-11-11,1369578.7694160796,559713.4243941286,,
2026-11-12,1365781.7061061324,543016.4418483526,,
2026-11-13,1363741.9613528547,524643.0695764028,,
2026-11-14,1377706.3677406777,565806.1853737095,,
2026-11-15,1442664.3929604397,568755.7156167147,,
2026-11-16,1438176.9545032291,591725.0723270187,,
2026-11-17,1485906.9817299237,595625.4959020972,,
2026-11-18,1544526.1078702689,623206.6852729568,,
2026-11-19,1435289.9311601284,656408.7107845165,,
2026-11-20,1447559.7803683055,694715.6247584475,,
2026-11-21,1339170.882247988,704421.780399907,,
2026-11-22,1383605.9371809266,704390.0839555046,,
2026-11-23,1449379.8603019991,743165.4009411606,,
2026-11-24,1454683.196660521,731724.7454254563,,
2026-11-25,1357685.4884700456,702222.399341093,,
2026-11-26,1360384.2276820745,689721.6738514848,,
2026-11-27,1332392.653529404,671441.6299991644,,
2026-11-28,1323606.0607460546,699732.4675419232,,
2026-11-29,1305091.454523997,719636.0737130798,,
2026-11-30,1214526.787478474,753590.0093224087,,
2026-12-01,1017707.1091314469,785617.5054774999,,
2026-12-02,1165416.0099572532,771153.3613485183,,
2026-12-03,1160740.287368971,815026.5231422341,,
2026-12-04,1218261.0894113975,802867.4148867411,,
2026-12-05,1135133.6455432097,802347.9453812566,,
2026-12-06,1129955.8319387361,781905.4996552584,,
2026-12-07,1188700.4808331293,841876.9333782595,,
2026-12-08,1150886.7511762148,829064.5261853606,,
2026-12-09,1234139.7177984507,827476.1821380827,,
2026-12-10,1221556.0617051537,809955.0920378431,,
2026-12-11,1321817.361500873,786980.4525868052,,
2026-12-12,1316608.1672078874,787547.4667588933,,
2026-12-13,1309453.37022716,823330.9915756743,,
2026-12-14,1368386.303252625,868553.0131700718,,
2026-12-15,1381723.0958702092,860660.5985138634,,
2026-12-16,1381158.2434769936,867329.1782334219,,
2026-12-17,1353825.6637830744,872351.3037576311,,
2026-12-18,1323857.1062541504,840214.6309607092,,
2026-12-19,1356085.0733559355,862750.8029308466,,
2026-12-20,1371932.3210544765,824664.0031541546,,
2026-12-21,1391984.5810136204,863979.9206082304,,
2026-12-22,1447183.2121061615,861035.6731059588,,
2026-12-23,1499212.3936589952,858927.8595531964,,
2026-12-24,1494787.7165788084,827500.8349281735,,
2026-12-25,1513867.1751940814,829925.6129249604,,
2026-12-26,1704787.2841008597,859667.4432559201,,
2026-12-27,1769023.5534848464,867677.8391218488,,
2026-12-28,1827830.9637562633,880439.1798209882,,
2026-12-29,1784964.9432489232,879019.8834771899,,
2026-12-30,1807307.9934694404,911600.3064957461,,
2026-12-31,1756879.227030717,927510.1606721949,,
2027-01-01,1749724.4300499898,823748.3280936399,,
2027-01-02,1788259.9155426796,811101.4467770648,,
2027-01-03,1880676.0432104087,816810.3285966604,,
2027-01-04,1884912.4361595234,789642.9539166105,,
2027-01-05,1877475.2129821882,795262.0291437325,,
2027-01-06,1852590.3269922023,811117.2949992659,,
2027-01-07,1730048.7383529898,791521.8487042441,,
2027-01-08,1799368.679275914,828994.089642244,,
2027-01-09,1847569.4168302885,847538.2705312516,,
2027-01-10,1808971.169960575,840801.0151821544,,
2027-01-11,1797046.5083260292,832609.2452177006,,
2027-01-12,1929127.826272878,850639.2393419573,,
2027-01-13,1921847.5065381029,831832.6823298407,,
2027-01-14,2024430.9772837074,754914.2163329998,,
2027-01-15,2114368.0305589917,715834.2612983648,,
2027-01-16,2204430.606588323,766906.037798591,,
2027-01-17,2244378.223064051,790107.8351011797,,
2027-01-18,2310811.140643875,754021.4331489978,,
2027-01-19,2318875.9775914494,751677.657176795,,
2027-01-20,2183844.8749244753,760774.5367202961,,
2027-01-21,2228907.5436276533,742623.0395591634,,
2027-01-22,2336103.9755845163,722367.2506724241,,
2027-01-23,2237317.5681488593,731427.1510307892,,
2027-01-24,2060393.2463184162,771690.4399897822,,
2027-01-25,1989504.2709698936,847809.4512222506,,
2027-01-26,1844588.2514216523,839372.9142704669,,
2027-01-27,2046805.4081927368,848762.1054679019,,
2027-01-28,2070215.401822661,866850.2097402298,,
2027-01-29,2285518.3057032335,906329.8921570512,,
2027-01-30,2464545.1336639784,974193.7405362609,,
2027-01-31,2416313.0154210925,947087.997831438,,
2027-02-01,2441699.9924272695,949391.2727913487,,
2027-02-02,2523823.254263075,967489.9425451441,,
2027-02-03,2587243.6257457505,963003.1347486204,,
2027-02-04,2541835.7694689413,1012125.5799180963,,
2027-02-05,2584042.7955175308,986391.5888904679,,
2027-02-06,2514660.093217582,1010413.9719203643,,
2027-02-07,2573467.5034889993,1009809.97856314,,
2027-02-08,2747285.137156759,1085999.426338725,,
2027-02-09,2924178.0782986893,1071711.3735675346,,
2027-02-10,3054345.174246309,1083446.1016507503,,
2027-02-11,3108571.0039949794,1092757.8126507571,,
2027-02-12,3087200.7551183333,1131888.8341791518,,
2027-02-13,3121374.3249078603,1161834.9304851494,,
2027-02-14,3408413.482726779,1095467.858647166,,
2027-02-15,3424480.3952449034,1068703.7331764584,,
2027-02-16,3529134.991432298,1079660.1374582364,,
2027-02-17,3647659.851941979,1071806.462900742,,
2027-02-18,3661216.3093791474,1110555.3661827294,,
2027-02-19,4314719.147640761,1062021.0661482767,,
2027-02-20,5287740.156331174,1029044.4375746899,,
2027-02-21,5035847.369645653,1066805.4683394677,,
2027-02-22,4657961.118584604,1096041.9164735663,,
2027-02-23,4725806.167147466,1088950.7174953085,,
2027-02-24,5250773.705264082,1079609.0709644773,,
2027-02-25,5361045.444695119,1072665.7887267643,,
2027-02-26,5110909.976566267,1113279.4994877619,,
2027-02-27,5167740.403461431,1107940.409519528,,
2027-02-28,5524507.451153929,1081422.8119497278,,
2027-03-01,6070751.0960816555,1073704.727737733,,
2027-03-02,5982947.929625186,1082678.34333078,,
2027-03-03,5953638.366555014,1114186.369980387,,
2027-03-04,5499057.712770728,1189107.9599798738,,
2027-03-05,5165888.942839225,1178128.6638215831,,
2027-03-06,4905460.6088784505,1143406.9698922841,,
2027-03-07,4288171.085159641,1141189.979697691,,
2027-03-08,4517720.821624645,1129353.1186269561,,
2027-03-09,4327396.945799594,1134003.6913862259,,
2027-03-10,4341047.545302298,1153542.7884467544,,
2027-03-11,4944529.566075844,1119904.056367872,,
2027-03-12,4837835.225135172,1058117.1207460419,,
2027-03-13,4518411.196771909,1063024.786887687,,
2027-03-14,4516496.974772678,1002933.6110413875,,
2027-03-15,3932470.980876548,1022798.47711383,,
2027-03-16,4346350.881660818,1051575.3268040929,,
2027-03-17,4219102.1897448115,1033908.0808768866,,
2027-03-18,4629938.163743421,991549.3047601766,,
2027-03-19,4756245.4350040695,1013814.2960393153,,
2027-03-20,4763619.896804381,1006744.2280239924,,
2027-03-21,5320532.975826175,1037796.1780569197,,
2027-03-22,5388785.973339693,946154.7136351436,,
2027-03-23,5092520.893098258,964380.1691665486,,
2027-03-24,4699634.672928492,1008853.8024903329,,
2027-03-25,4637595.051740342,1017716.4805279718,,
2027-03-26,4720596.972854482,1001658.7096109783,,
2027-03-27,4247501.712848138,1007423.9406650672,,
2027-03-28,4357742.071590662,994845.7349780308,,
2027-03-29,4484990.763506669,944404.3655386976,,
2027-03-30,4297648.053090255,866284.9564817194,,
2027-03-31,4298369.808926029,869988.1577360716,,
2027-04-01,3565473.8287291504,890354.8841782195,,
2027-04-02,3512220.80032435,890937.7465725087,,
2027-04-03,3528883.945924202,888801.7584024996,,
2027-04-04,3633946.4910622523,838134.9920251934,,
2027-04-05,4035211.3550647134,830045.3550482587,,
2027-04-06,3638559.452273511,868385.7263801701,,
2027-04-07,3409449.045447674,881883.1289548774,,
2027-04-08,3421499.2298362684,822410.0337744256,,
2027-04-09,3593810.5904554524,851692.2656615499,,
2027-04-10,3515578.533995131,860584.8792300132,,
2027-04-11,3488936.329448475,838691.4407158141,,
2027-04-12,3598580.4551092708,813052.5390213932,,
2027-04-13,3701383.590674459,825097.1878943216,,
2027-04-14,3528695.6617931304,822425.8819966268,,
2027-04-15,3190160.794126082,825783.9441897079,,
2027-04-16,3221353.1985069723,861121.9578712768,,
2027-04-17,2881092.392971766,855798.7161252442,,
2027-04-18,2790747.390745827,894561.7067158549,,
2027-04-19,2899920.8060789434,894299.3305927457,,
2027-04-20,2580182.9708305597,887613.1417374081,,
2027-04-21,2177349.0724025,894190.1539509152,,
2027-04-22,2416689.583683236,892399.3048421771,,
2027-04-23,2383269.1504179966,837229.8824461461,,
2027-04-24,2561982.171493621,818150.3838294529,,
2027-04-25,2730057.1391636906,829800.5880609289,,
2027-04-26,2686061.4138699197,813885.4511437463,,
2027-04-27,2536155.864848276,840624.9238243633,,
2027-04-28,2793979.601662558,833119.9101552959,,
2027-04-29,2679659.75341348,817595.69605241,,
2027-04-30,2973728.1854590774,807155.2394489608,,
2027-05-01,3149773.848011186,764692.5694311538,,
2027-05-02,3194146.1415671012,758909.7292412857,,
2027-05-03,3474940.542372139,731601.4814750026,,
2027-05-04,3263215.0369819296,733807.9061881283,,
2027-05-05,3505034.6226551104,736912.3968259899,,
2027-05-06,3526781.439793901,736628.8897399458,,
2027-05-07,3286499.507857806,752494.7210769467,,
2027-05-08,3088393.2212817883,773058.669839821,,
2027-05-09,3191541.544420608,749444.8187600006,,
2027-05-10,3045276.1552663515,758483.5881554309,,
2027-05-11,3007901.755248605,758900.9246733964,,
2027-05-12,3227535.1941438285,758585.7211429499,,
2027-05-13,3324595.6637113276,743269.294842258,,
2027-05-14,3242848.970137666,746003.9936287575,,
2027-05-15,3421907.178786923,733910.0391756474,,
2027-05-16,3397806.810009736,716971.8114696972,,
2027-05-17,3578120.246199471,642302.0321118515,,
2027-05-18,3582576.3039681697,617643.9592803282,,
2027-05-19,3555620.292536394,638674.5501413496,,
2027-05-20,3349919.8793404815,646014.0379340932,,
2027-05-21,3107598.202651109,650668.1325205185,,
2027-05-22,2918404.0316124884,648023.2403264923,,
2027-05-23,2892358.0601475597,654431.2048365198,,
2027-05-24,2749575.9274181314,664658.5908970415,,
2027-05-25,2990454.0924359537,672154.7999982195,,
2027-05-26,2867379.0320920376,667697.9277325203,,
2027-05-27,2872870.6525816307,677927.07470662,,
2027-05-28,2576542.810963171,681644.3632695954,,
2027-05-29,2593425.6213826067,649604.5407194587,,
2027-05-30,2601208.0321335737,656605.9331052429,,
2027-05-31,2471197.839628514,731969.5124127863,,
2027-06-01,2573593.026243047,729231.2917991307,,
2027-06-02,2704011.1676987614,746490.0057762611,,
2027-06-03,2796835.244317146,771877.0968290406,,
2027-06-04,2794732.7381868446,775474.6432687179,,
2027-06-05,2738341.6409308487,781650.1671864608,,
2027-06-06,2798153.2332346486,766367.1982437492,,
2027-06-07,2682232.96987146,746423.0910603006,,
2027-06-08,2658948.498995584,743197.097385563,,
2027-06-09,2555486.3689716444,740659.6209197895,,
2027-06-10,2448227.1756377574,749274.0101429427,,
2027-06-11,2496302.3904380836,784388.3878001164,,
2027-06-12,2237192.0453948113,772752.2708772637,,
2027-06-13,2150738.248544355,714099.7614241199,,
2027-06-14,2177254.9303369634,704367.1920789918,,
2027-06-15,2141794.752318446,705955.53612627,,
2027-06-16,2218112.586779538,675398.4028087363,,
2027-06-17,2329765.0765051,651849.7055312985,,
2027-06-18,2136679.700090996,673517.7471075244,,
2027-06-19,2128238.2948812786,655493.0357240016,,
2027-06-20,2078750.9490979144,675120.1784634258,,
2027-06-21,2167056.206570576,690447.1702455854,,
2027-06-22,2206219.3058335045,688790.1505687687,,
2027-06-23,2128206.9141927664,663672.47929341,,
2027-06-24,2151083.4361179867,760506.8778564532,,
2027-06-25,2184754.914891322,782203.0940499259,,
2027-06-26,2487421.6555891978,773266.4576420147,,
2027-06-27,2475120.4256925085,747736.7325894242,,
2027-06-28,2511835.8312515044,689269.1190619612,,
2027-06-29,2624555.2643864723,693725.9913276605,,
2027-06-30,2532421.5629153512,676245.4022397128,,
2027-07-01,2481773.1316570444,669583.8661744659,,
2027-07-02,2566438.2292623185,682262.4439354433,,
2027-07-03,2601710.123149764,738333.4540833661,,
2027-07-04,2782525.6503556906,694086.9786111327,,
2027-07-05,2800130.2166109015,682005.3505530679,,
2027-07-06,2763603.0951829776,683486.2788720932,,
2027-07-07,2809450.2810989544,665491.5030193948,,
2027-07-08,3026761.549044293,698573.7864076563,,
2027-07-09,2784439.8723549205,691787.2254783775,,
2027-07-10,2914324.5421059327,724064.7713615326,,
2027-07-11,2805715.9791660313,720474.268576167,,
2027-07-12,2934847.512392755,735494.8613957695,,
2027-07-13,2901176.0336194197,743686.6313602233,,
2027-07-14,2847766.1017720597,726834.6884195907,,
2027-07-15,2900579.800537692,722361.9679316903,,
2027-07-16,3059522.9878507806,746151.910369302,,
2027-07-17,3046625.524872364,755643.234554256,,
2027-07-18,3092096.142526197,775030.8930470839,,
2027-07-19,3030244.8054691195,780630.5982248489,,
2027-07-20,2959701.0176942283,784451.7806889212,,
2027-07-21,2885893.6383140925,825146.4934745032,,
2027-07-22,2924397.7431182703,829478.3408761704,,
2027-07-23,2832326.8030241732,835535.8835841931,,
2027-07-24,2638582.432151318,828950.0668027963,,
2027-07-25,2654649.344669443,801655.9063451367,,
2027-07-26,2728080.155787435,815250.1591666291,,
2027-07-27,2721992.3022161145,806692.1191779694,,
2027-07-28,2660140.9651590367,817187.164102334,,
2027-07-29,2618530.172192175,821096.3922453021,,
2027-07-30,2530224.914719513,801321.332765333,,
2027-07-31,2587557.4326308686,760239.2189926102,,
2027-08-01,2587369.1484997966,765081.7313318726,,
2027-08-02,2676458.9231852572,744426.2150629468,,
2027-08-03,2637013.3977257204,753089.9098662813,,
2027-08-04,2512337.922267695,742013.7634612053,,
2027-08-05,2357411.463084137,695508.0358685087,,
2027-08-06,2382704.2980247787,705738.9437561864,,
2027-08-07,2346553.7448589983,724316.5820031743,,
2027-08-08,2310026.6234310744,703238.4464755494,,
2027-08-09,2311721.18061072,714226.5472017297,,
2027-08-10,2234085.357232126,711092.1210330437,,
2027-08-11,2343415.676007802,699135.5178390108,,
2027-08-12,2322202.330573716,718505.5671960596,,
2027-08-13,2354367.5362984776,730831.9622414543,,
2027-08-14,2363216.8904588507,728454.728911271,,
2027-08-15,2399555.727755703,712853.034610957,,
2027-08-16,2425507.5571550955,699241.1726536853,,
2027-08-17,2354901.0080031804,694116.914141957,,
2027-08-18,2394817.243790396,694926.9343877971,,
2027-08-19,2404074.5469014253,711884.5321431046,,
2027-08-20,2415622.6402738276,671136.9919501853,,
2027-08-21,2391867.4590702723,691035.3153806083,,
2027-08-22,2358509.787182057,699927.9289490718,,
2027-08-23,2126073.027373953,679378.0674948208,,
2027-08-24,2160842.830245206,662983.9620844458,,
2027-08-25,2058008.3139915061,677264.9712013245,,
2027-08-26,1980843.2009405908,678198.2553976186,,
2027-08-27,2085905.7460786407,664181.3833174269,,
2027-08-28,2011596.275682314,698871.3808023235,,
2027-08-29,2041564.833211238,643508.257912722,,
2027-08-30,2027286.6199382949,634087.3702708847,,
2027-08-31,2108719.506626837,624560.8278143724,,
2027-09-01,2118949.611081736,599767.1646373498,,
2027-09-02,2123029.100588291,529946.9412730782,,
2027-09-03,2111292.7230848176,546015.2776715392,,
2027-09-04,1900320.3542188955,511865.8806550621,,
2027-09-05,1935341.2025982456,510242.3183362258,,
2027-09-06,1931355.8551572263,515672.97581051115,,
2027-09-07,1963364.1574394277,529689.8478907029,,
2027-09-08,1908604.8559860536,551319.1493682148,,
2027-09-09,1931449.9972227616,525615.0938714109,,
2027-09-10,1846282.8086012965,535978.0702774321,,
2027-09-11,1949776.319313748,505095.1679479845,,
2027-09-12,2008018.8771919494,533660.7080088978,,
2027-09-13,1997945.6761796097,513809.9292450785,,
2027-09-14,2077244.6760493382,518317.86800453713,,
2027-09-15,2043981.146226658,533320.8516883604,,
2027-09-16,2070623.3507733138,512307.8699631183,,
2027-09-17,2054336.7734356057,522087.98397485004,,
2027-09-18,2076679.8236561224,520184.4363971255,,
2027-09-19,2123060.4812768027,514248.39672597894,,
2027-09-20,2107150.472201238,503642.41424620576,,
2027-09-21,2092181.8837810322,511142.1451745395,,
2027-09-22,1979242.78582648,518856.7075593787,,
2027-09-23,2004943.569717777,558619.8970622442,,
2027-09-24,1961481.3161287094,559854.2974803617,,
2027-09-25,1955079.6556722687,524725.8325145646,,
2027-09-26,1962799.3050462115,536295.0347214565,,
2027-09-27,1996721.8293276422,523007.180862521,,
2027-09-28,2111888.956166543,525884.5136488318,,
2027-09-29,2297694.012845871,526742.0785612756,,
2027-09-30,2317024.51696924,552356.3274656058,,
2027-10-01,2346490.983481972,548151.2658415483,,
2027-10-02,2303154.2526469524,531824.0751471339,,
2027-10-03,2324901.0697857426,529996.2468532597,,
2027-10-04,2326030.774572173,512131.7786053269,,
2027-10-05,2423530.57377884,500159.3271890928,,
2027-10-06,2638174.483200661,468513.9492804087,,
2027-10-07,2564963.336902253,395289.87997003016,,
2027-10-08,2490685.2471944387,390170.90419903555,,
2027-10-09,2569262.4912283923,397577.3067077399,,
2027-10-10,2583917.272763479,358990.40747492056,,
2027-10-11,2578111.8453887664,360011.73735011043,,
2027-10-12,2566030.280311661,334335.8564705532,,
2027-10-13,2425538.937843606,362346.70875442383,,
2027-10-14,2386940.6909738923,362260.423989106,,
2027-10-15,2364723.163507424,364868.336997996,,
2027-10-16,2328133.280702476,351580.4831390605,,
2027-10-17,2201135.634294565,371565.0913348012,,
2027-10-18,2205152.362424096,373787.3642701281,,
2027-10-19,2178949.4875166076,378418.5669800407,,
2027-10-20,2110319.9217409464,370557.84876823466,,
2027-10-21,1971836.9433376573,365040.9065286316,,
2027-10-22,2051920.4604201848,357078.0553293065,,
2027-10-23,1930634.0993214508,354142.6123949247,,
2027-10-24,1955518.985311437,350890.20501651836,,
2027-10-25,1981062.8657601739,339203.02159990626,,
2027-10-26,1962956.2084887715,338856.1216250573,,
2027-10-27,1942527.3802674839,340030.65098152566,,
2027-10-28,1963458.2995049627,355982.7670838443,,
2027-10-29,1979085.88238392,355715.1082200014,,
2027-10-30,2065382.7757918162,362063.20166837965,,
2027-10-31,2001805.500866581,381022.95816177473,,
2027-11-01,2033939.32590283,380554.55515004974,,
2027-11-02,1966972.936618303,380137.21863208426,,
2027-11-03,2034158.9907224139,367104.69724194624,,
2027-11-04,1995686.2666067486,351534.69938603474,,
2027-11-05,2046397.4592420792,340400.44283288746,,
2027-11-06,2096355.515353123,356584.9995274907,,
2027-11-07,2113426.609903631,362501.6691492802,,
2027-11-08,2106491.4777424866,366712.0135140714,,
2027-11-09,2164514.370801105,373488.0089618828,,
2027-11-10,2220058.1894672783,366016.4526507956,,
2027-11-11,2205779.9761943356,396659.8707336469,,
2027-11-12,2194671.2124611004,412233.39041671425,,
2027-11-13,2207254.8685543975,408799.6089397829,,
2027-11-14,2256145.981256034,407704.32069432066,,
2027-11-15,2288876.039374011,399290.6756190498,,
2027-11-16,2279555.9748859582,395508.2332536915,,
2027-11-17,2315110.2949700113,397651.26507801225,,
2027-11-18,2104640.017120281,375108.04945356323,,
2027-11-19,2044138.0496692178,374171.2434301132,,
2027-11-20,2005508.4221109923,404275.82195812295,,
2027-11-21,1940675.9196452787,419977.88833237794,,
2027-11-22,1957684.252818762,418644.8767538974,,
2027-11-23,1983573.3208411308,416177.83683124057,,
2027-11-24,1975069.154254389,410352.7347155026,,
2027-11-25,1988908.0378881644,409785.72054341447,,
2027-11-26,2034378.6555419974,404809.37877223076,,
2027-11-27,2034629.7010500934,401854.56578849186,,
2027-11-28,2045707.0840948161,398179.53915138624,,
2027-11-29,2039807.514654567,410437.2585672424,,
2027-11-30,1961889.2650793649,404027.5331436372,,
2027-12-01,1990163.265428643,408097.0044221953,,
2027-12-02,2005351.5186684327,419384.460456621,,
2027-12-03,2036355.6389182515,407593.38313891203,,
2027-12-04,2123437.0495389467,421965.95976184227,,
2027-12-05,2111794.8141010087,421479.94761433813,,
2027-12-06,2103792.7385304584,429640.0211343895,,
2027-12-07,2066135.9123161035,430411.30128151557,,
2027-12-08,2022516.755284476,427951.30501317035,,
2027-12-09,2029734.3136422276,424410.10780798626,,
2027-12-10,2099117.015942176,420097.630455676,,
2027-12-11,2082422.4896538118,410962.0108134606,,
2027-12-12,2072349.2886414719,408595.3429647448,,
2027-12-13,2082171.444145716,366821.190155902,,
2027-12-14,2073698.6582474862,372237.76032156404,,
2027-12-15,2055403.7168450125,378899.2963868109,,
2027-12-16,2042192.4469814764,377122.5345866961,,
2027-12-17,2066167.2930046152,378899.29638681083,,
2027-12-18,2083395.2909976828,376222.7077483823,,
2027-12-19,2069964.356314563,379748.0567313652,,
2027-12-20,2074577.3175258213,356583.2386139127,,
2027-12-21,2092966.400993831,352779.66528561944,,
2027-12-22,2087066.831553582,344262.12630925165,,
2027-12-23,2076773.9657216584,357391.49794617493,,
2027-12-24,1957872.5369498339,348530.5808221141,,
2027-12-25,1974253.2563530777,352955.75664341083,,
2027-12-26,1983792.9856607139,354403.22760445566,,
2027-12-27,1985393.400774824,351349.80346035364,,
2027-12-28,2102443.368924443,349213.81529034453,,
2027-12-29,2104169.306792601,352180.9546691288,,
2027-12-30,2098301.1180408644,348539.38539000356,,
2027-12-31,2062997.8434649066,330812.2684011481,,
2028-01-01,2043510.435898978,339530.55152539787,,
2028-01-02,2062401.6103831793,340162.7194998689,,
2028-01-03,2065790.7247424712,376222.7077483823,,
2028-01-04,2057255.1774672177,381244.83327259164,,
2028-01-05,2048751.0108804756,384493.7188238421,,
2028-01-06,2049378.6246507152,394361.87851446954,,
2028-01-07,2041941.40147338,355273.1189119449,,
2028-01-08,2042882.822128739,356100.7482935643,,
2028-01-09,2037924.673343849,346929.9103797906,,
2028-01-10,2035382.83757438,348703.15035274957,,
2028-01-11,1987966.617232805,354181.3524936385,,
2028-01-12,1985048.2132011922,341948.2858678732,,
2028-01-13,1997663.249983001,344063.14307494735,,
2028-01-14,2008520.96820814,332326.65407815366,,
2028-01-15,2016115.0948280348,325575.31142043317,,
2028-01-16,2004033.5297509294,341687.670658342,,
2028-01-17,2032903.7631819348,339741.8611547476,,
2028-01-18,2027098.335807222,333256.4164472921,,
2028-01-19,2040623.4125558778,331108.10188223753,,
2028-01-20,2060236.3428758543,338547.96174892224,,
2028-01-21,2031585.774264433,335999.9198016813,,
2028-01-22,2012129.7473870164,341810.93460879603,,
2028-01-23,2016868.231352323,345015.7973205987,,
2028-01-24,2022830.5621695956,342022.2442381456,,
2028-01-25,2019347.3057447677,340065.8692530837,,
2028-01-26,2017527.2258110738,335492.7766912423,,
2028-01-27,1833385.3456228795,345637.3998136021,,
2028-01-28,1794630.1953106062,358173.3435747686,,
2028-01-29,1768678.3659112134,354956.15446792054,,
2028-01-30,1764159.5467654911,351420.2400034702,,
2028-01-31,1775613.4980723571,343929.31364302605,,
2028-02-01,1532570.06554721,341881.37115191267,,
2028-02-02,1419850.6324122418,342339.20868217014,,
2028-02-03,1455655.9980043906,336943.769479443,,
2028-02-04,1366942.7915810735,335614.27972811833,,
2028-02-05,1380122.6807560974,337299.4740221816,,
2028-02-06,1230248.512422966,341261.529572487,,
2028-02-07,1274746.3287329283,337774.9206882182,,
2028-02-08,1204077.0182039894,335783.32743159804,,
2028-02-09,1213334.3213150182,339185.412464127,,
2028-02-10,1338511.8877892352,344226.9080376934,,
2028-02-11,1348271.2819164554,340352.8981662837,,
2028-02-12,1267685.6738177363,336755.3517266064,,
2028-02-13,1316796.451338957,335329.0117284964,,
2028-02-14,1305562.1648516746,337436.82528125885,,
2028-02-15,1223156.476819262,338179.93081113836,,
2028-02-16,1242204.554746023,344631.9181606135,,
2028-02-17,1183554.0479171656,340411.0083143548,,
2028-02-18,1101022.8371307051,353469.9434081616,,
2028-02-19,1073909.9222563698,365749.52291523106,,
2028-02-20,1076483.1387143508,357216.0394167008,,
2028-02-21,1119506.0626642508,362666.3420830897,,
2028-02-22,1085928.7259564514,366595.3805038093,,
2028-02-23,1069359.722422135,363375.1441910432,,
2028-02-24,1087686.0445131212,360912.857359333,,
2028-02-25,1040363.9662370823,360727.9614336521,,
2028-02-26,1019182.0014915077,,,
2028-02-27,1013188.2899857229,,,
2028-02-28,1019213.3821800197,,,
2028-02-29,1106514.4576202985,,,
2028-03-01,1151043.654618773,,,
